<application>
  <component name="InspectionLens">
    <hiddenSeverities>
      <entry key="GRAMMAR_ERROR">
        <severity>
          <option name="name" value="Grammar Error" />
          <option name="priority" value="16" />
        </severity>
      </entry>
      <entry key="SERVER PROBLEM">
        <severity>
          <option name="name" value="Server Problem" />
          <option name="priority" value="100" />
        </severity>
      </entry>
      <entry key="STYLE_ERROR">
        <severity>
          <option name="name" value="Style Error" />
          <option name="priority" value="14" />
        </severity>
      </entry>
      <entry key="STYLE_SUGGESTION">
        <severity>
          <option name="name" value="Style Suggestion" />
          <option name="priority" value="12" />
        </severity>
      </entry>
      <entry key="STYLE_WARNING">
        <severity>
          <option name="name" value="Style Warning" />
          <option name="priority" value="13" />
        </severity>
      </entry>
      <entry key="TYPO">
        <severity>
          <option name="name" value="Typo" />
          <option name="priority" value="15" />
        </severity>
      </entry>
      <entry key="WEAK WARNING">
        <severity>
          <option name="name" value="Weak Warning" />
          <option name="priority" value="200" />
        </severity>
      </entry>
    </hiddenSeverities>
    <option name="maxDescriptionLength" value="100" />
    <option name="showUnknownSeverities" value="false" />
  </component>
</application>