<application>
  <component name="IgnoredPluginSuggestions">
    <option name="pluginIds">
      <list>
        <option value="com.intellij.kubernetes" />
        <option value="org.jetbrains.plugins.vue" />
        <option value="Docker" />
        <option value="tslint" />
        <option value="com.jetbrains.restClient" />
        <option value="dev.nx.console" />
        <option value="com.intellij.react" />
        <option value="io.flutter" />
        <option value="Dart" />
        <option value="org.intellij.prisma" />
      </list>
    </option>
  </component>
</application>