<application>
  <component name="MaterialThemeConfig">
    <option name="animatedTabs" value="false" />
    <option name="compactSidebar" value="true" />
    <option name="compactStatusBar" value="true" />
    <option name="highContrast" value="true" />
    <option name="overrideAccentColor" value="false" />
    <option name="tabFontSizeEnabled" value="true" />
    <option name="treeFontSizeEnabled" value="true" />
    <option name="isCompactSidebar" value="true" />
    <option name="isCompactStatusBar" value="true" />
    <option name="isHighContrast" value="true" />
    <option name="isAnimatedTabs" value="false" />
    <option name="isOverrideAccentColor" value="false" />
    <option name="isTreeFontSizeEnabled" value="true" />
    <option name="isTabFontSizeEnabled" value="true" />
    <option name="customSidebarHeight" value="19" />
    <option name="highlightThickness" value="1" />
    <option name="indicatorThickness" value="1" />
    <option name="tabsHeight" value="24" />
    <option name="accentColor" value="eaa6a6" />
    <option name="secondAccentColor" />
    <option name="highlightColor" />
    <option name="selectedTheme" value="CUSTOM" />
    <option name="userId" value="3cfa8fdc:1700aee143d:-8000" />
    <option name="version" value="8.13.2" />
    <option name="tabFont" value="D2Coding" />
    <option name="treeFont" value="D2Coding" />
    <option name="pristineConfig" value="false" />
  </component>
</application>