<application>
  <component name="MaterialThemeNewConfig">
    <option name="accentState">
      <MTAccentConfigState>
        <option name="accentColorHex" value="e58a96" />
      </MTAccentConfigState>
    </option>
    <option name="compactState">
      <MTCompactConfigState>
        <option name="compactHeaderSize" value="37" />
        <option name="headerSize" value="37" />
      </MTCompactConfigState>
    </option>
    <option name="customThemeState">
      <MTCustomThemeConfigState>
        <option name="accentColorHex" value="e58a96" />
        <option name="activeColorHex" value="323232" />
        <option name="backgroundColorHex" value="111111" />
        <option name="borderColorHex" value="292929" />
        <option name="buttonColorHex" value="2a2a2a" />
        <option name="colorScheme" value="MJ" />
        <option name="contrastColorHex" value="1a1a1a" />
        <option name="disabledColorHex" value="474747" />
        <option name="excludedColorHex" value="323232" />
        <option name="foregroundColorHex" value="ffffff" />
        <option name="highlightColorHex" value="3f3f3f" />
        <option name="notificationColorHex" value="1a1a1a" />
        <option name="secondBackgroundColorHex" value="292929" />
        <option name="selectionBackgroundColorHex" value="404040" />
        <option name="selectionForegroundColorHex" value="ffffff" />
        <option name="textColorHex" value="c8c8c8" />
        <option name="treeColorHex" value="323232" />
      </MTCustomThemeConfigState>
    </option>
    <option name="favoriteThemesState">
      <MTFavoriteThemesConfigState>
        <option name="favoriteThemes">
          <map>
            <entry key="ARC_DARK">
              <value>
                <MTFavoriteTheme />
              </value>
            </entry>
            <entry key="DARKER">
              <value>
                <MTFavoriteTheme />
              </value>
            </entry>
            <entry key="DEEPOCEAN">
              <value>
                <MTFavoriteTheme />
              </value>
            </entry>
            <entry key="DRACULA">
              <value>
                <MTFavoriteTheme />
              </value>
            </entry>
            <entry key="Darcula">
              <value>
                <MTFavoriteTheme />
              </value>
            </entry>
            <entry key="ExperimentalDark">
              <value>
                <MTFavoriteTheme />
              </value>
            </entry>
            <entry key="ExperimentalLight">
              <value>
                <MTFavoriteTheme />
              </value>
            </entry>
            <entry key="ExperimentalLightWithLightHeader">
              <value>
                <MTFavoriteTheme />
              </value>
            </entry>
            <entry key="FOREST">
              <value>
                <MTFavoriteTheme />
              </value>
            </entry>
            <entry key="GITHUB">
              <value>
                <MTFavoriteTheme />
              </value>
            </entry>
            <entry key="GITHUB_DARK">
              <value>
                <MTFavoriteTheme />
              </value>
            </entry>
            <entry key="IntelliJ">
              <value>
                <MTFavoriteTheme />
              </value>
            </entry>
            <entry key="JetBrainsHighContrastTheme">
              <value>
                <MTFavoriteTheme />
              </value>
            </entry>
            <entry key="JetBrainsLightTheme">
              <value>
                <MTFavoriteTheme />
              </value>
            </entry>
            <entry key="LIGHTER">
              <value>
                <MTFavoriteTheme />
              </value>
            </entry>
            <entry key="LIGHT_OWL">
              <value>
                <MTFavoriteTheme />
              </value>
            </entry>
            <entry key="MONOKAI">
              <value>
                <MTFavoriteTheme />
              </value>
            </entry>
            <entry key="MOONLIGHT">
              <value>
                <MTFavoriteTheme />
              </value>
            </entry>
            <entry key="Many Islands Dark">
              <value>
                <MTFavoriteTheme />
              </value>
            </entry>
            <entry key="Many Islands Light">
              <value>
                <MTFavoriteTheme />
              </value>
            </entry>
            <entry key="NIGHT_OWL">
              <value>
                <MTFavoriteTheme />
              </value>
            </entry>
            <entry key="OCEANIC">
              <value>
                <MTFavoriteTheme />
              </value>
            </entry>
            <entry key="ONE_DARK">
              <value>
                <MTFavoriteTheme />
              </value>
            </entry>
            <entry key="ONE_LIGHT">
              <value>
                <MTFavoriteTheme />
              </value>
            </entry>
            <entry key="One Island Dark">
              <value>
                <MTFavoriteTheme />
              </value>
            </entry>
            <entry key="One Island Light">
              <value>
                <MTFavoriteTheme />
              </value>
            </entry>
            <entry key="PALENIGHT">
              <value>
                <MTFavoriteTheme />
              </value>
            </entry>
            <entry key="SANDYBEACH">
              <value>
                <MTFavoriteTheme />
              </value>
            </entry>
            <entry key="SKYBLUE">
              <value>
                <MTFavoriteTheme />
              </value>
            </entry>
            <entry key="SOLARIZED_DARK">
              <value>
                <MTFavoriteTheme />
              </value>
            </entry>
            <entry key="SOLARIZED_LIGHT">
              <value>
                <MTFavoriteTheme />
              </value>
            </entry>
            <entry key="SPACE">
              <value>
                <MTFavoriteTheme />
              </value>
            </entry>
            <entry key="SYNTHWAVE">
              <value>
                <MTFavoriteTheme />
              </value>
            </entry>
            <entry key="VOLCANO">
              <value>
                <MTFavoriteTheme />
              </value>
            </entry>
          </map>
        </option>
      </MTFavoriteThemesConfigState>
    </option>
    <option name="languageAdditionsState">
      <MTLanguageAdditionsConfigState>
        <option name="codeAdditionsEnabled" value="false" />
      </MTLanguageAdditionsConfigState>
    </option>
    <option name="lightCustomThemeState">
      <MTLightCustomThemeConfigState>
        <option name="accentColorHex" value="769ae5" />
        <option name="activeColorHex" value="323232" />
        <option name="backgroundColorHex" value="15161a" />
        <option name="borderColorHex" value="292929" />
        <option name="buttonColorHex" value="2a2a2a" />
        <option name="colorScheme" value="MJ" />
        <option name="contrastColorHex" value="1a1a1a" />
        <option name="disabledColorHex" value="474747" />
        <option name="excludedColorHex" value="323232" />
        <option name="foregroundColorHex" value="dff1f9" />
        <option name="highlightColorHex" value="3f3f3f" />
        <option name="notificationColorHex" value="1a1a1a" />
        <option name="secondBackgroundColorHex" value="292929" />
        <option name="selectionBackgroundColorHex" value="404040" />
        <option name="selectionForegroundColorHex" value="ffffff" />
        <option name="textColorHex" value="c8c8c8" />
        <option name="treeColorHex" value="323232" />
      </MTLightCustomThemeConfigState>
    </option>
    <option name="metadata">
      <MTMetadataState>
        <option name="migrated" value="true" />
        <option name="pristineConfig" value="false" />
        <option name="userId" value="3cfa8fdc:1700aee143d:-8000" />
        <option name="version" value="10.2.0" />
        <option name="wizardShown" value="true" />
      </MTMetadataState>
    </option>
    <option name="projectTreeState">
      <MTProjectTreeConfigState>
        <option name="customLineHeight" value="19" />
        <option name="customLineHeightEnabled" value="true" />
        <option name="indicatorThickness" value="1" />
        <option name="treeFont" value="D2Coding" />
        <option name="treeFontEnabled" value="true" />
      </MTProjectTreeConfigState>
    </option>
    <option name="tabsState">
      <MTTabsConfigState>
        <option name="animatedTabs" value="false" />
        <option name="highlightThickness" value="1" />
        <option name="tabFont" value="D2Coding" />
        <option name="tabFontEnabled" value="true" />
        <option name="tabsHeight" value="24" />
      </MTTabsConfigState>
    </option>
    <option name="themeState">
      <MTThemeConfigState>
        <option name="selectedThemeName" value="CUSTOM" />
      </MTThemeConfigState>
    </option>
    <option name="titleBarState">
      <MTTitleBarConfigState>
        <option name="customTitle" value="{file}" />
        <option name="useColoredTitleBar" value="false" />
        <option name="useCustomTitle" value="true" />
        <option name="useProjectIcon" value="false" />
        <option name="useProjectTitle" value="false" />
      </MTTitleBarConfigState>
    </option>
  </component>
</application>