<application>
  <component name="org.overengineer.inlineproblems.settings.SettingsState">
    <option name="fillProblemLabels" value="true" />
    <option name="filterListMigrationDone01" value="true" />
    <option name="highlightProblemListenerDeprecateMigrationDone" value="true" />
    <option name="problemFilterList" value="todo;fixme;open in browser;Consider unknown contexts non-blocking,Unused" />
    <option name="showInfos" value="true" />
    <option name="showOnlyHighestSeverityPerLine" value="true" />
    <option name="errorBackgroundCol" value="#772e2c" />
    <option name="errorTextCol" value="#fd9491" />
    <option name="errorHighlightCol" value="#772e2c" />
    <option name="warningTextCol" value="#eed45f" />
    <option name="warningBackgroundCol" value="#5c4f17" />
    <option name="warningHighlightCol" value="#5c4f17" />
  </component>
</application>