<application>
  <component name="org.overengineer.inlineproblems.settings.SettingsState">
    <option name="fillProblemLabels" value="true" />
    <option name="filterListMigrationDone01" value="true" />
    <option name="forceProblemsInSameLine" value="false" />
    <option name="highlightProblemListenerDeprecateMigrationDone" value="true" />
    <option name="inlayFontSizeDelta" value="2" />
    <option name="problemFilterList" value="todo;fixme;open in browser;Consider unknown contexts non-blocking" />
    <option name="showOnlyHighestSeverityPerLine" value="true" />
  </component>
</application>