<application>
  <component name="org.overengineer.inlineproblems.settings.SettingsState">
    <option name="filterListMigrationDone01" value="true" />
    <option name="forceProblemsInSameLine" value="false" />
    <option name="highlightProblemListenerDeprecateMigrationDone" value="true" />
    <option name="inlayFontSizeDelta" value="1" />
    <option name="problemFilterList" value="todo;fixme;open in browser;Consider unknown contexts non-blocking" />
    <option name="showOnlyHighestSeverityPerLine" value="true" />
    <option name="warningBackgroundCol" value="#2d241b" />
    <option name="warningHighlightCol" value="#2d241b" />
  </component>
</application>