<application>
  <component name="ParameterNameHintsSettings">
    <blacklists>
      <blacklist language="TypeScript" />
    </blacklists>
    <option id="SHOW_PROPERTY_HINT" value="true" />
    <option id="js.only.show.names.for.tagged" value="false" />
    <option id="SHOW_LOCAL_VARIABLE_HINT" value="true" />
    <option id="SHOW_FUNCTION_HINT" value="true" />
    <option id="js.only.show.names.for.pipes" value="false" />
    <option id="js.only.show.names.for.literal.args" value="false" />
    <option id="ts.param.hints.show.names.for.literal.args" value="false" />
    <option id="js.param.hints.show.names.for.tagged" value="false" />
    <disabledLanguages>
      <language id="TypeScript" />
      <language id="JavaScript" />
    </disabledLanguages>
  </component>
</application>