<application>
  <component name="RainbowSettings">
    <option name="doNOTRainbowifyBigFiles" value="false" />
    <option name="enableRainbowAngleBrackets" value="false" />
    <option name="enableRainbowRoundBrackets" value="false" />
    <option name="enableRainbowSquareBrackets" value="false" />
    <option name="enableRainbowSquigglyBrackets" value="false" />
    <option name="indentGuidesOptions" value="Only selected indent guide" />
    <option name="numberOfColors" value="8" />
    <option name="rainbowEnabled" value="false" />
    <option name="suppressAdvancedIndentGuidesBanner" value="true" />
    <option name="suppressDisabledCheck" value="true" />
    <option name="suppressXMLCheck" value="true" />
    <option name="suppressYAMLCheck" value="true" />
    <option name="version" value="2025.3.2" />
  </component>
</application>