<application>
  <component name="RainbowSettings">
    <option name="doNOTRainbowifyBigFiles" value="false" />
    <option name="enableRainbowRoundBrackets" value="false" />
    <option name="enableRainbowSquareBrackets" value="false" />
    <option name="indentGuidesOptions" value="Only selected indent guide" />
    <option name="rainbowifyTagNameInXML" value="true" />
    <option name="showRainbowIndentGuides" value="false" />
    <option name="suppressAdvancedIndentGuidesBanner" value="true" />
    <option name="suppressDisabledCheck" value="true" />
    <option name="suppressXMLCheck" value="true" />
    <option name="suppressYAMLCheck" value="true" />
    <option name="useColorGenerator" value="true" />
    <option name="version" value="2025.3.4" />
  </component>
</application>