<application>
  <component name="SshLocalRecentConnectionsManager">
    <option name="connections">
      <list>
        <LocalRecentConnectionState>
          <option name="configId" value="7296db4a-e837-41e5-be77-ad6c03fd8ac0" />
          <option name="projects">
            <list>
              <RecentProjectState>
                <option name="date" value="1756715951257" />
                <option name="latestUsedIde">
                  <RecentProjectInstalledIde>
                    <option name="buildNumber" value="252.25557.126" />
                    <option name="pathToIde" value="/home/ubuntu/.cache/JetBrains/RemoteDev/dist/0828e80a4a818_WebStorm-2025.2.1-aarch64" />
                    <option name="productCode" value="WS" />
                  </RecentProjectInstalledIde>
                </option>
                <option name="productCode" value="WS" />
                <option name="projectPath" value="/home/ubuntu/projects/mjstudio" />
                <option name="projectPathLink" value="/home/ubuntu/projects/mjstudio" />
              </RecentProjectState>
            </list>
          </option>
        </LocalRecentConnectionState>
      </list>
    </option>
  </component>
</application>