<application>
  <component name="BlockTerminalUsage">
    <option name="feedbackNotificationShown" value="true" />
    <shellToExecutedCommandsNumber>
      <entry key="zsh" value="10" />
    </shellToExecutedCommandsNumber>
  </component>
  <component name="ReworkedTerminalUsage"><![CDATA[{
  "enterKeyPressedTimes": 22
}]]></component>
  <component name="TerminalOptionsProvider">
    <option name="cursorShape" value="VERTICAL" />
    <option name="myTabName" value="T" />
    <option name="useOptionAsMetaKey" value="true" />
  </component>
</application>