<application>
  <component name="Trusted.Paths">
    <option name="TRUSTED_PROJECT_PATHS">
      <map>
        <entry key="$USER_HOME$/.claude" value="true" />
        <entry key="$USER_HOME$/.config/nvim" value="true" />
        <entry key="$USER_HOME$/Desktop/Algorithm" value="true" />
        <entry key="$USER_HOME$/Desktop/AwesomeProject" value="true" />
        <entry key="$USER_HOME$/Desktop/FCMSample" value="true" />
        <entry key="$USER_HOME$/Desktop/Kakao" value="true" />
        <entry key="$USER_HOME$/Desktop/MJStudio-Web/MJStudio-React" value="true" />
        <entry key="$USER_HOME$/Desktop/MJStudio-Web/firestore" value="true" />
        <entry key="$USER_HOME$/Desktop/MathJaxSample" value="true" />
        <entry key="$USER_HOME$/Desktop/MathKing" value="true" />
        <entry key="$USER_HOME$/Desktop/MathKingRN" value="true" />
        <entry key="$USER_HOME$/Desktop/MyApp" value="true" />
        <entry key="$USER_HOME$/Desktop/MyText" value="true" />
        <entry key="$USER_HOME$/Desktop/NaverMap" value="true" />
        <entry key="$USER_HOME$/Desktop/PhoneNumberTest" value="true" />
        <entry key="$USER_HOME$/Desktop/PhoneNumberText" value="true" />
        <entry key="$USER_HOME$/Desktop/QuickMorning" value="true" />
        <entry key="$USER_HOME$/Desktop/QuickMorningFirebase" value="true" />
        <entry key="$USER_HOME$/Desktop/Sample" value="true" />
        <entry key="$USER_HOME$/Desktop/TestServer" value="true" />
        <entry key="$USER_HOME$/Desktop/TodoTimesServer" value="true" />
        <entry key="$USER_HOME$/Desktop/Turing/AMS" value="true" />
        <entry key="$USER_HOME$/Desktop/Turing/CMS" value="true" />
        <entry key="$USER_HOME$/Desktop/Turing/CODEPUSH-code-push-react-native" value="true" />
        <entry key="$USER_HOME$/Desktop/Turing/MathKing" value="true" />
        <entry key="$USER_HOME$/Desktop/Turing/MathKingApiSynchronizer" value="true" />
        <entry key="$USER_HOME$/Desktop/Turing/MathKingProblemsPdfGenerator" value="true" />
        <entry key="$USER_HOME$/Desktop/Turing/MathKingWeb" value="true" />
        <entry key="$USER_HOME$/Desktop/Turing/MathkingRNWeb" value="true" />
        <entry key="$USER_HOME$/Desktop/Turing/MathkingWeb" value="true" />
        <entry key="$USER_HOME$/Desktop/Turing/PushMessage" value="true" />
        <entry key="$USER_HOME$/Desktop/Turing/SSAP" value="true" />
        <entry key="$USER_HOME$/Desktop/Turing/TCMS_client" value="true" />
        <entry key="$USER_HOME$/Desktop/Turing/TuringWeb" value="true" />
        <entry key="$USER_HOME$/Desktop/Turing/bombe" value="true" />
        <entry key="$USER_HOME$/Desktop/Turing/english-solver" value="true" />
        <entry key="$USER_HOME$/Desktop/Turing/mathison" value="true" />
        <entry key="$USER_HOME$/Desktop/Turing/mathkong" value="true" />
        <entry key="$USER_HOME$/Desktop/Turing/mathkong-web" value="true" />
        <entry key="$USER_HOME$/Desktop/Turing/react-native-kit" value="true" />
        <entry key="$USER_HOME$/Desktop/Turing/slack" value="true" />
        <entry key="$USER_HOME$/Desktop/Turing/webapp" value="true" />
        <entry key="$USER_HOME$/Desktop/actions-runner/runner/_actions/ruby/setup-ruby/v1/dist" value="true" />
        <entry key="$USER_HOME$/Desktop/aga" value="true" />
        <entry key="$USER_HOME$/Desktop/aidt-capture" value="true" />
        <entry key="$USER_HOME$/Desktop/army-apply" value="true" />
        <entry key="$USER_HOME$/Desktop/asdf" value="true" />
        <entry key="$USER_HOME$/Desktop/aspectratiocrashsample" value="true" />
        <entry key="$USER_HOME$/Desktop/bab-calculation" value="true" />
        <entry key="$USER_HOME$/Desktop/bab-calculation-server" value="true" />
        <entry key="$USER_HOME$/Desktop/chakra-ui" value="true" />
        <entry key="$USER_HOME$/Desktop/codepush/appcenter-cli" value="true" />
        <entry key="$USER_HOME$/Desktop/codepush/code-push-server" value="true" />
        <entry key="$USER_HOME$/Desktop/coding-poem" value="true" />
        <entry key="$USER_HOME$/Desktop/coding-poem-mdx-ast-parser" value="true" />
        <entry key="$USER_HOME$/Desktop/coding-poem-next-mdx-ast-remote-renderer" value="true" />
        <entry key="$USER_HOME$/Desktop/dugaza" value="true" />
        <entry key="$USER_HOME$/Desktop/electron-app" value="true" />
        <entry key="$USER_HOME$/Desktop/electron-react" value="true" />
        <entry key="$USER_HOME$/Desktop/eslint-config" value="true" />
        <entry key="$USER_HOME$/Desktop/example" value="true" />
        <entry key="$USER_HOME$/Desktop/expo" value="true" />
        <entry key="$USER_HOME$/Desktop/expo-release-it" value="true" />
        <entry key="$USER_HOME$/Desktop/expo-sample" value="true" />
        <entry key="$USER_HOME$/Desktop/fcmsender" value="true" />
        <entry key="$USER_HOME$/Desktop/firestore-importer" value="true" />
        <entry key="$USER_HOME$/Desktop/first-server" value="true" />
        <entry key="$USER_HOME$/Desktop/gitdiff" value="true" />
        <entry key="$USER_HOME$/Desktop/hanspell" value="true" />
        <entry key="$USER_HOME$/Desktop/hi" value="true" />
        <entry key="$USER_HOME$/Desktop/hot-updater" value="true" />
        <entry key="$USER_HOME$/Desktop/hot-updater-sample" value="true" />
        <entry key="$USER_HOME$/Desktop/hot-updater/examples/expo-52" value="true" />
        <entry key="$USER_HOME$/Desktop/jagyeok/1/functions" value="true" />
        <entry key="$USER_HOME$/Desktop/jagyeok/firebase/1/functions" value="true" />
        <entry key="$USER_HOME$/Desktop/jagyeok/firebase/common" value="true" />
        <entry key="$USER_HOME$/Desktop/jagyeok/firebase/f1/functions" value="true" />
        <entry key="$USER_HOME$/Desktop/jagyeok/tool" value="true" />
        <entry key="$USER_HOME$/Desktop/jagyeok/tool/function_common" value="true" />
        <entry key="$USER_HOME$/Desktop/js-util" value="true" />
        <entry key="$USER_HOME$/Desktop/lexical" value="true" />
        <entry key="$USER_HOME$/Desktop/local_file_preferences/doc" value="true" />
        <entry key="$USER_HOME$/Desktop/maidt" value="true" />
        <entry key="$USER_HOME$/Desktop/mj/expo-release-it" value="true" />
        <entry key="$USER_HOME$/Desktop/mj/hot-updater" value="true" />
        <entry key="$USER_HOME$/Desktop/mj/mjstudio" value="true" />
        <entry key="$USER_HOME$/Desktop/mj/nmap" value="true" />
        <entry key="$USER_HOME$/Desktop/mj/rnef" value="true" />
        <entry key="$USER_HOME$/Desktop/modalbox" value="true" />
        <entry key="$USER_HOME$/Desktop/my-server" value="true" />
        <entry key="$USER_HOME$/Desktop/navy/platform" value="true" />
        <entry key="$USER_HOME$/Desktop/navy/rnsp" value="true" />
        <entry key="$USER_HOME$/Desktop/next-server-util" value="true" />
        <entry key="$USER_HOME$/Desktop/nextjs-blog" value="true" />
        <entry key="$USER_HOME$/Desktop/nodejssample" value="true" />
        <entry key="$USER_HOME$/Desktop/op-sqlite" value="true" />
        <entry key="$USER_HOME$/Desktop/pillmate/pill_mate" value="true" />
        <entry key="$USER_HOME$/Desktop/react" value="true" />
        <entry key="$USER_HOME$/Desktop/react-design-toolkit" value="true" />
        <entry key="$USER_HOME$/Desktop/react-native" value="true" />
        <entry key="$USER_HOME$/Desktop/react-native-animated-header-scroll-view" value="true" />
        <entry key="$USER_HOME$/Desktop/react-native-awesome-library" value="true" />
        <entry key="$USER_HOME$/Desktop/react-native-blob-util" value="true" />
        <entry key="$USER_HOME$/Desktop/react-native-code-push" value="true" />
        <entry key="$USER_HOME$/Desktop/react-native-ios-pencilkit" value="true" />
        <entry key="$USER_HOME$/Desktop/react-native-kakao" value="true" />
        <entry key="$USER_HOME$/Desktop/react-native-kakao-login" value="true" />
        <entry key="$USER_HOME$/Desktop/react-native-my-fancy-library" value="true" />
        <entry key="$USER_HOME$/Desktop/react-native-naver-login" value="true" />
        <entry key="$USER_HOME$/Desktop/react-native-rest-util" value="true" />
        <entry key="$USER_HOME$/Desktop/react-native-spannable-string" value="true" />
        <entry key="$USER_HOME$/Desktop/react-native-styled-system" value="true" />
        <entry key="$USER_HOME$/Desktop/react-native-styled-system/doc" value="true" />
        <entry key="$USER_HOME$/Desktop/react-native-styled-system/example" value="true" />
        <entry key="$USER_HOME$/Desktop/react-navigation" value="true" />
        <entry key="$USER_HOME$/Desktop/react-util" value="true" />
        <entry key="$USER_HOME$/Desktop/reactotron-plugin-zustand" value="true" />
        <entry key="$USER_HOME$/Desktop/redialog" value="true" />
        <entry key="$USER_HOME$/Desktop/relay-examples/newsfeed" value="true" />
        <entry key="$USER_HOME$/Desktop/rn-kid" value="true" />
        <entry key="$USER_HOME$/Desktop/rn-nid" value="true" />
        <entry key="$USER_HOME$/Desktop/rnef" value="true" />
        <entry key="$USER_HOME$/Desktop/sample" value="true" />
        <entry key="$USER_HOME$/Desktop/sample/sample" value="true" />
        <entry key="$USER_HOME$/Desktop/script" value="true" />
        <entry key="$USER_HOME$/Desktop/sd-blog" value="true" />
        <entry key="$USER_HOME$/Desktop/semantic-release" value="true" />
        <entry key="$USER_HOME$/Desktop/slack-avatar" value="true" />
        <entry key="$USER_HOME$/Desktop/smokeshocker" value="true" />
        <entry key="$USER_HOME$/Desktop/styled-system-example" value="true" />
        <entry key="$USER_HOME$/Desktop/suited" value="true" />
        <entry key="$USER_HOME$/Desktop/swift6-openapi-template" value="true" />
        <entry key="$USER_HOME$/Desktop/tcms-desktop" value="true" />
        <entry key="$USER_HOME$/Desktop/testserver" value="true" />
        <entry key="$USER_HOME$/Desktop/tex-checker" value="true" />
        <entry key="$USER_HOME$/Desktop/threespots" value="true" />
        <entry key="$USER_HOME$/Desktop/threespots-web" value="true" />
        <entry key="$USER_HOME$/Desktop/timer/nfhjdkmpebifdelclimjfaackjhiglpc" value="true" />
        <entry key="$USER_HOME$/Desktop/todo" value="true" />
        <entry key="$USER_HOME$/Desktop/todo copy" value="true" />
        <entry key="$USER_HOME$/Desktop/todo-legacy" value="true" />
        <entry key="$USER_HOME$/Desktop/toss" value="true" />
        <entry key="$USER_HOME$/Desktop/tslauncher" value="true" />
        <entry key="$USER_HOME$/Desktop/turing/pdf-gen" value="true" />
        <entry key="$USER_HOME$/Desktop/untitled" value="true" />
        <entry key="$USER_HOME$/Desktop/vite-project" value="true" />
        <entry key="$USER_HOME$/Desktop/zustand-async-slice" value="true" />
        <entry key="$USER_HOME$/Desktop/족보닷컴다운로드" value="true" />
        <entry key="$USER_HOME$/Documents/CodeforcesPP" value="true" />
        <entry key="$USER_HOME$/Downloads/demo" value="true" />
        <entry key="$USER_HOME$/Downloads/enterprise" value="true" />
        <entry key="$USER_HOME$/Downloads/expo-sample" value="true" />
        <entry key="$USER_HOME$/Downloads/react-native-config" value="true" />
        <entry key="$USER_HOME$/Downloads/sample" value="true" />
        <entry key="$USER_HOME$/Downloads/teamturing-fe-assignment" value="true" />
        <entry key="$USER_HOME$/Downloads/tree-sitter-bash" value="true" />
        <entry key="$USER_HOME$/Downloads/ts-console" value="true" />
        <entry key="$USER_HOME$/Downloads/turing-frontend" value="true" />
        <entry key="$USER_HOME$/Downloads/y" value="true" />
        <entry key="$APPLICATION_CONFIG_DIR$/projects/5642503efae6d744cf200303b63d7bc7c05fed91" value="true" />
        <entry key="$USER_HOME$/Library/Mobile Documents/com~apple~CloudDocs/Documents/Nucleus" value="true" />
        <entry key="$USER_HOME$/Library/Mobile Documents/com~apple~CloudDocs/Documents/Nucleus/script" value="true" />
        <entry key="$USER_HOME$/projects/1n1n-web" value="true" />
        <entry key="$USER_HOME$/projects/NaverMap" value="true" />
        <entry key="$USER_HOME$/projects/army-apply" value="true" />
        <entry key="$USER_HOME$/projects/cc-self-refer" value="true" />
        <entry key="$USER_HOME$/projects/dcinside-node" value="true" />
        <entry key="$USER_HOME$/projects/expo-release-it" value="true" />
        <entry key="$USER_HOME$/projects/hot-updater" value="true" />
        <entry key="$USER_HOME$/projects/jagyeok" value="true" />
        <entry key="$USER_HOME$/projects/jetbrains-lazygit-runner" value="true" />
        <entry key="$USER_HOME$/projects/mining" value="true" />
        <entry key="$USER_HOME$/projects/navermap-expo-example" value="true" />
        <entry key="$USER_HOME$/projects/pttn" value="true" />
        <entry key="$USER_HOME$/projects/react-native-kakao" value="true" />
        <entry key="$USER_HOME$/projects/react-native-maps" value="true" />
        <entry key="$USER_HOME$/projects/rn-pencilkit" value="true" />
        <entry key="$USER_HOME$/projects/sd-blog" value="true" />
        <entry key="$USER_HOME$/projects/sigee" value="true" />
        <entry key="$USER_HOME$/projects/suited" value="true" />
        <entry key="$USER_HOME$/projects/tetris" value="true" />
        <entry key="$USER_HOME$/projects/threespots" value="true" />
      </map>
    </option>
  </component>
  <component name="Trusted.Paths.Settings">
    <option name="TRUSTED_PATHS">
      <list>
        <option value="$USER_HOME$/Desktop/Turing" />
        <option value="$USER_HOME$/Desktop" />
        <option value="$USER_HOME$/Documents" />
        <option value="$USER_HOME$/Downloads" />
        <option value="$USER_HOME$/Library/Mobile Documents/com~apple~CloudDocs/Documents" />
        <option value="$USER_HOME$/.config" />
        <option value="$USER_HOME$" />
      </list>
    </option>
  </component>
</application>