<application>
  <component name="DependencyUISettings">
    <option name="UI_SHOW_FILES" value="false" />
    <option name="UI_FILTER_LEGALS" value="true" />
  </component>
  <component name="ProjectViewFileNesting">
    <nesting-rules>
      <NestingRule child-file-suffix=".css.map" parent-file-suffix=".css" />
      <NestingRule child-file-suffix=".min.css" parent-file-suffix=".css" />
      <NestingRule child-file-suffix=".min.css.map" parent-file-suffix=".css" />
      <NestingRule child-file-suffix=".js" parent-file-suffix=".es6" />
      <NestingRule child-file-suffix=".js.map" parent-file-suffix=".es6" />
      <NestingRule child-file-suffix=".css" parent-file-suffix=".html" />
      <NestingRule child-file-suffix=".js" parent-file-suffix=".html" />
      <NestingRule child-file-suffix=".sass" parent-file-suffix=".html" />
      <NestingRule child-file-suffix=".scss" parent-file-suffix=".html" />
      <NestingRule child-file-suffix="-compiled.js" parent-file-suffix=".js" />
      <NestingRule child-file-suffix="-compiled.js.map" parent-file-suffix=".js" />
      <NestingRule child-file-suffix=".css" parent-file-suffix=".js" />
      <NestingRule child-file-suffix=".js.map" parent-file-suffix=".js" />
      <NestingRule child-file-suffix=".map" parent-file-suffix=".js" />
      <NestingRule child-file-suffix=".min.js" parent-file-suffix=".js" />
      <NestingRule child-file-suffix=".min.js.map" parent-file-suffix=".js" />
      <NestingRule child-file-suffix=".test.js" parent-file-suffix=".js" />
      <NestingRule child-file-suffix=".json.graphql" parent-file-suffix=".json" />
      <NestingRule child-file-suffix=".js" parent-file-suffix=".jsx" />
      <NestingRule child-file-suffix=".js.map" parent-file-suffix=".jsx" />
      <NestingRule child-file-suffix=".css" parent-file-suffix=".less" />
      <NestingRule child-file-suffix=".css.map" parent-file-suffix=".less" />
      <NestingRule child-file-suffix=".css" parent-file-suffix=".scss" />
      <NestingRule child-file-suffix=".d.ts" parent-file-suffix=".ts" />
      <NestingRule child-file-suffix=".js" parent-file-suffix=".ts" />
      <NestingRule child-file-suffix=".js.map" parent-file-suffix=".ts" />
      <NestingRule child-file-suffix=".spec.ts" parent-file-suffix=".ts" />
      <NestingRule child-file-suffix=".spec.tsx" parent-file-suffix=".ts" />
      <NestingRule child-file-suffix=".test.ts" parent-file-suffix=".ts" />
      <NestingRule child-file-suffix=".test.ts.snap" parent-file-suffix=".ts" />
      <NestingRule child-file-suffix=".test.tsx" parent-file-suffix=".ts" />
      <NestingRule child-file-suffix=".css" parent-file-suffix=".tsx" />
      <NestingRule child-file-suffix=".d.ts" parent-file-suffix=".tsx" />
      <NestingRule child-file-suffix=".js" parent-file-suffix=".tsx" />
      <NestingRule child-file-suffix=".js.map" parent-file-suffix=".tsx" />
      <NestingRule child-file-suffix=".jsx" parent-file-suffix=".tsx" />
      <NestingRule child-file-suffix=".jsx.map" parent-file-suffix=".tsx" />
      <NestingRule child-file-suffix=".module.css" parent-file-suffix=".tsx" />
      <NestingRule child-file-suffix=".sass" parent-file-suffix=".tsx" />
      <NestingRule child-file-suffix=".scss" parent-file-suffix=".tsx" />
      <NestingRule child-file-suffix=".spec.ts" parent-file-suffix=".tsx" />
      <NestingRule child-file-suffix=".spec.tsx" parent-file-suffix=".tsx" />
      <NestingRule child-file-suffix=".test.ts" parent-file-suffix=".tsx" />
      <NestingRule child-file-suffix=".test.ts.snap" parent-file-suffix=".tsx" />
      <NestingRule child-file-suffix=".test.tsx" parent-file-suffix=".tsx" />
      <NestingRule child-file-suffix=".test.tsx.snap" parent-file-suffix=".tsx" />
    </nesting-rules>
  </component>
  <component name="UISettings">
    <option name="compactTreeIndents" value="true" />
    <option name="DIFFERENTIATE_PROJECTS" value="false" />
    <option name="DISABLE_MNEMONICS" value="false" />
    <option name="KEEP_POPUPS_FOR_TOGGLES" value="false" />
    <option name="MAX_LOOKUP_LIST_HEIGHT" value="12" />
    <option name="MAX_LOOKUP_WIDTH2" value="514" />
    <option name="PRESENTATION_MODE_FONT_SIZE" value="22" />
    <option name="REMEMBER_SIZE_FOR_EACH_TOOL_WINDOW_NEW_UI" value="true" />
    <option name="SCROLL_TAB_LAYOUT_IN_EDITOR" value="false" />
    <option name="SHOW_CLOSE_BUTTON" value="false" />
    <option name="showTreeIndentGuides" value="true" />
    <option name="UI_DENSITY" value="COMPACT" />
  </component>
</application>