<application>
  <component name="DimensionService">
    <location key="find.popup.0.0.3360.2100@192dpi" x="660" y="328" />
    <location key="find.popup.-222.-2160.3840.2160@192dpi" x="926" y="-1610" />
    <location key="find.popup.-3840.-834.3840.2160@192dpi" x="-2330" y="-416" />
    <location key="find.popup.-316.-2160.3840.2160@192dpi" x="482" y="-1616" />
    <location key="find.popup.-186.-2160.3840.2160@192dpi" x="1324" y="-1742" />
    <location key="find.popup.-180.-2160.3840.2160@192dpi" x="1330" y="-1742" />
    <location key="find.popup.-848.-2880.5120.2880@192dpi" x="936" y="-2342" />
    <location key="find.popup.3360.-2158.5120.2880@192dpi" x="5108" y="-1620" />
    <location key="find.popup.0.0.5120.2880@192dpi" x="1476" y="1022" />
    <location key="find.popup.228.2160.3360.2100@192dpi" x="916" y="2528" />
    <location key="find.popup.0.0.1920.1080" x="195" y="426" />
    <location key="find.popup.-3360.1708.3360.2100@192dpi" x="-1782" y="2246" />
    <location key="find.popup.734.2880.3360.2100@192dpi" x="1468" y="3180" />
    <location key="find.popup.884.2880.3360.2100@192dpi" x="1572" y="3248" />
    <location key="find.popup.0.0.3584.2240@192dpi" x="1248" y="706" />
    <location key="find.popup.0.0.2560.1440" x="242" y="300" />
    <location key="find.popup.-3584.640.3584.2240@192dpi" x="-2838" y="1112" />
    <location key="find.popup.-3584.1322.3584.2240@192dpi" x="-2842" y="1784" />
    <location key="find.popup.-3584.1324.3584.2240@192dpi" x="-3206" y="2206" />
    <location key="find.popup.-3584.1340.3584.2240@192dpi" x="-3248" y="1714" />
    <location key="find.popup.-3584.1082.3584.2240@192dpi" x="-3248" y="1894" />
    <location key="find.popup.-3584.960.3584.2240@192dpi" x="-3234" y="1436" />
    <location key="find.popup.-3584.1332.3584.2240@192dpi" x="-3234" y="1808" />
    <location key="find.popup.-3584.2094.3584.2240@192dpi" x="-3234" y="2570" />
    <location key="find.popup.-3584.1320.3584.2240@192dpi" x="-1868" y="1798" />
    <location key="find.popup.0.0.3024.1964@192dpi" x="372" y="394" />
    <location key="find.popup.3024.-1484.5120.2880@192dpi" x="4072" y="-470" />
    <location key="find.popup.3024.-1378.5120.2880@192dpi" x="4210" y="-894" />
    <location key="find.popup.3024.-1158.5120.2880@192dpi" x="4072" y="-144" />
    <location key="find.popup.3024.-1412.5120.2880@192dpi" x="4072" y="-398" />
    <location key="find.popup.3024.-456.5120.2880@192dpi" x="4076" y="560" />
    <location key="find.popup.3024.-1126.5120.2880@192dpi" x="3998" y="-810" />
    <location key="find.popup.3024.0.5120.2880@192dpi" x="3690" y="982" />
    <location key="find.popup.3024.-540.5120.2880@192dpi" x="3692" y="442" />
    <location key="find.popup.-770.-2880.5120.2880@192dpi" x="26" y="-2504" />
    <location key="find.popup.3024.-2432.5120.2880@192dpi" x="3802" y="-2056" />
    <location key="find.popup.1512.0.1920.1080" x="1802" y="147" />
    <location key="find.popup.3024.-2160.5120.2880@192dpi" x="3804" y="-1782" />
    <location key="find.popup.-706.-2880.5120.2880@192dpi" x="358" y="-1808" />
    <location key="find.popup.-1010.-2880.5120.2880@192dpi" x="54" y="-1808" />
    <location key="find.popup.3024.-1558.5120.2880@192dpi" x="3622" y="-804" />
    <location key="find.popup.-3024.1402.3024.1964@192dpi" x="-2620" y="2100" />
    <location key="find.popup.3024.-640.5120.2880@192dpi" x="3692" y="342" />
    <location key="find.popup.0.0.3024.1964@144dpi" x="374" y="146" />
    <location key="find.popup.3024.-680.5120.2880@192dpi" x="3694" y="302" />
    <location key="find.popup.-981.-1440.3440.1440" x="76" y="-1006" />
    <size key="GridCell.Tab.0.left.0.0.3360.2100@192dpi" width="3316" height="780" />
    <size key="GridCell.Tab.0.center.0.0.3360.2100@192dpi" width="3316" height="780" />
    <size key="GridCell.Tab.0.right.0.0.3360.2100@192dpi" width="3316" height="780" />
    <size key="GridCell.Tab.0.bottom.0.0.3360.2100@192dpi" width="3316" height="780" />
    <size key="GridCell.Tab.1.left.0.0.3360.2100@192dpi" width="4012" height="1128" />
    <size key="GridCell.Tab.1.center.0.0.3360.2100@192dpi" width="4012" height="1128" />
    <size key="GridCell.Tab.1.right.0.0.3360.2100@192dpi" width="4012" height="1128" />
    <size key="GridCell.Tab.1.bottom.0.0.3360.2100@192dpi" width="4012" height="1128" />
    <size key="GridCell.Tab.2.left.0.0.3360.2100@192dpi" width="4012" height="1128" />
    <size key="GridCell.Tab.2.center.0.0.3360.2100@192dpi" width="4012" height="1128" />
    <size key="GridCell.Tab.2.right.0.0.3360.2100@192dpi" width="4012" height="1128" />
    <size key="GridCell.Tab.2.bottom.0.0.3360.2100@192dpi" width="4012" height="1128" />
    <size key="GridCell.Tab.3.left.0.0.3360.2100@192dpi" width="2150" height="666" />
    <size key="GridCell.Tab.3.center.0.0.3360.2100@192dpi" width="2150" height="666" />
    <size key="GridCell.Tab.3.right.0.0.3360.2100@192dpi" width="2150" height="666" />
    <size key="GridCell.Tab.3.bottom.0.0.3360.2100@192dpi" width="2150" height="666" />
    <size key="GridCell.Tab.0.left.-1692.-2304.4096.2304@192dpi" width="1954" height="454" />
    <size key="GridCell.Tab.0.center.-1692.-2304.4096.2304@192dpi" width="1954" height="454" />
    <size key="GridCell.Tab.0.right.-1692.-2304.4096.2304@192dpi" width="1954" height="454" />
    <size key="GridCell.Tab.0.bottom.-1692.-2304.4096.2304@192dpi" width="1954" height="454" />
    <size key="GridCell.Tab.1.left.-1692.-2304.4096.2304@192dpi" width="1954" height="734" />
    <size key="GridCell.Tab.1.center.-1692.-2304.4096.2304@192dpi" width="1954" height="734" />
    <size key="GridCell.Tab.1.right.-1692.-2304.4096.2304@192dpi" width="1954" height="734" />
    <size key="GridCell.Tab.1.bottom.-1692.-2304.4096.2304@192dpi" width="1954" height="734" />
    <size key="GridCell.Tab.2.left.-1692.-2304.4096.2304@192dpi" width="1954" height="734" />
    <size key="GridCell.Tab.2.center.-1692.-2304.4096.2304@192dpi" width="1954" height="734" />
    <size key="GridCell.Tab.2.right.-1692.-2304.4096.2304@192dpi" width="1954" height="734" />
    <size key="GridCell.Tab.2.bottom.-1692.-2304.4096.2304@192dpi" width="1954" height="734" />
    <size key="GridCell.Tab.3.left.-1692.-2304.4096.2304@192dpi" width="1954" height="734" />
    <size key="GridCell.Tab.3.center.-1692.-2304.4096.2304@192dpi" width="1954" height="734" />
    <size key="GridCell.Tab.3.right.-1692.-2304.4096.2304@192dpi" width="1954" height="734" />
    <size key="GridCell.Tab.3.bottom.-1692.-2304.4096.2304@192dpi" width="1954" height="734" />
    <size key="GridCell.Tab.0.left.-4096.-1668.4096.2304@192dpi" width="2218" height="382" />
    <size key="GridCell.Tab.0.center.-4096.-1668.4096.2304@192dpi" width="2218" height="382" />
    <size key="GridCell.Tab.0.right.-4096.-1668.4096.2304@192dpi" width="2218" height="382" />
    <size key="GridCell.Tab.0.bottom.-4096.-1668.4096.2304@192dpi" width="2218" height="382" />
    <size key="GridCell.Tab.1.left.-4096.-1668.4096.2304@192dpi" width="2218" height="734" />
    <size key="GridCell.Tab.1.center.-4096.-1668.4096.2304@192dpi" width="2218" height="734" />
    <size key="GridCell.Tab.1.right.-4096.-1668.4096.2304@192dpi" width="2218" height="734" />
    <size key="GridCell.Tab.1.bottom.-4096.-1668.4096.2304@192dpi" width="2218" height="734" />
    <size key="GridCell.Tab.2.left.-4096.-1668.4096.2304@192dpi" width="2218" height="734" />
    <size key="GridCell.Tab.2.center.-4096.-1668.4096.2304@192dpi" width="2218" height="734" />
    <size key="GridCell.Tab.2.right.-4096.-1668.4096.2304@192dpi" width="2218" height="734" />
    <size key="GridCell.Tab.2.bottom.-4096.-1668.4096.2304@192dpi" width="2218" height="734" />
    <size key="GridCell.Tab.3.left.-4096.-1668.4096.2304@192dpi" width="2218" height="734" />
    <size key="GridCell.Tab.3.center.-4096.-1668.4096.2304@192dpi" width="2218" height="734" />
    <size key="GridCell.Tab.3.right.-4096.-1668.4096.2304@192dpi" width="2218" height="734" />
    <size key="GridCell.Tab.3.bottom.-4096.-1668.4096.2304@192dpi" width="2218" height="734" />
    <size key="GridCell.Tab.0.left.-2556.-2304.4096.2304@192dpi" width="2206" height="382" />
    <size key="GridCell.Tab.0.center.-2556.-2304.4096.2304@192dpi" width="2206" height="382" />
    <size key="GridCell.Tab.0.right.-2556.-2304.4096.2304@192dpi" width="2206" height="382" />
    <size key="GridCell.Tab.0.bottom.-2556.-2304.4096.2304@192dpi" width="2206" height="382" />
    <size key="find.popup.0.0.3360.2100@192dpi" width="2114" height="1328" />
    <size key="GridCell.Tab.0.left.-222.-2160.3840.2160@192dpi" width="2790" height="806" />
    <size key="GridCell.Tab.0.center.-222.-2160.3840.2160@192dpi" width="2790" height="806" />
    <size key="GridCell.Tab.0.right.-222.-2160.3840.2160@192dpi" width="2790" height="806" />
    <size key="GridCell.Tab.0.bottom.-222.-2160.3840.2160@192dpi" width="2790" height="806" />
    <size key="find.popup.-222.-2160.3840.2160@192dpi" width="2008" height="1250" />
    <size key="find.popup.-3840.-834.3840.2160@192dpi" width="1476" height="1512" />
    <size key="find.popup.-316.-2160.3840.2160@192dpi" width="1732" height="1108" />
    <size key="GridCell.Tab.0.left.-316.-2160.3840.2160@192dpi" width="3200" height="448" />
    <size key="GridCell.Tab.0.center.-316.-2160.3840.2160@192dpi" width="3200" height="448" />
    <size key="GridCell.Tab.0.right.-316.-2160.3840.2160@192dpi" width="3200" height="448" />
    <size key="GridCell.Tab.0.bottom.-316.-2160.3840.2160@192dpi" width="3200" height="448" />
    <size key="GridCell.Tab.1.left.-316.-2160.3840.2160@192dpi" width="2028" height="668" />
    <size key="GridCell.Tab.1.center.-316.-2160.3840.2160@192dpi" width="2028" height="668" />
    <size key="GridCell.Tab.1.right.-316.-2160.3840.2160@192dpi" width="2028" height="668" />
    <size key="GridCell.Tab.1.bottom.-316.-2160.3840.2160@192dpi" width="2028" height="668" />
    <size key="GridCell.Tab.2.left.-316.-2160.3840.2160@192dpi" width="2028" height="668" />
    <size key="GridCell.Tab.2.center.-316.-2160.3840.2160@192dpi" width="2028" height="668" />
    <size key="GridCell.Tab.2.right.-316.-2160.3840.2160@192dpi" width="2028" height="668" />
    <size key="GridCell.Tab.2.bottom.-316.-2160.3840.2160@192dpi" width="2028" height="668" />
    <size key="GridCell.Tab.3.left.-316.-2160.3840.2160@192dpi" width="2028" height="668" />
    <size key="GridCell.Tab.3.center.-316.-2160.3840.2160@192dpi" width="2028" height="668" />
    <size key="GridCell.Tab.3.right.-316.-2160.3840.2160@192dpi" width="2028" height="668" />
    <size key="GridCell.Tab.3.bottom.-316.-2160.3840.2160@192dpi" width="2028" height="668" />
    <size key="GridCell.Tab.0.left.-186.-2160.3840.2160@192dpi" width="2288" height="572" />
    <size key="GridCell.Tab.0.center.-186.-2160.3840.2160@192dpi" width="2288" height="572" />
    <size key="GridCell.Tab.0.right.-186.-2160.3840.2160@192dpi" width="2288" height="572" />
    <size key="GridCell.Tab.0.bottom.-186.-2160.3840.2160@192dpi" width="2288" height="572" />
    <size key="find.popup.-186.-2160.3840.2160@192dpi" width="1860" height="1516" />
    <size key="GridCell.Tab.0.left.3360.-1176.3840.2160@192dpi" width="3086" height="572" />
    <size key="GridCell.Tab.0.center.3360.-1176.3840.2160@192dpi" width="3086" height="572" />
    <size key="GridCell.Tab.0.right.3360.-1176.3840.2160@192dpi" width="3086" height="572" />
    <size key="GridCell.Tab.0.bottom.3360.-1176.3840.2160@192dpi" width="3086" height="572" />
    <size key="GridCell.Tab.0.left.-180.-2160.3840.2160@192dpi" width="2682" height="536" />
    <size key="GridCell.Tab.0.center.-180.-2160.3840.2160@192dpi" width="2682" height="536" />
    <size key="GridCell.Tab.0.right.-180.-2160.3840.2160@192dpi" width="2682" height="536" />
    <size key="GridCell.Tab.0.bottom.-180.-2160.3840.2160@192dpi" width="2682" height="536" />
    <size key="find.popup.-180.-2160.3840.2160@192dpi" width="1860" height="1516" />
    <size key="GridCell.Tab.1.left.-180.-2160.3840.2160@192dpi" width="2952" height="626" />
    <size key="GridCell.Tab.1.center.-180.-2160.3840.2160@192dpi" width="2952" height="626" />
    <size key="GridCell.Tab.1.right.-180.-2160.3840.2160@192dpi" width="2952" height="626" />
    <size key="GridCell.Tab.1.bottom.-180.-2160.3840.2160@192dpi" width="2952" height="626" />
    <size key="GridCell.Tab.2.left.-180.-2160.3840.2160@192dpi" width="2952" height="626" />
    <size key="GridCell.Tab.2.center.-180.-2160.3840.2160@192dpi" width="2952" height="626" />
    <size key="GridCell.Tab.2.right.-180.-2160.3840.2160@192dpi" width="2952" height="626" />
    <size key="GridCell.Tab.2.bottom.-180.-2160.3840.2160@192dpi" width="2952" height="626" />
    <size key="GridCell.Tab.3.left.-180.-2160.3840.2160@192dpi" width="2952" height="626" />
    <size key="GridCell.Tab.3.center.-180.-2160.3840.2160@192dpi" width="2952" height="626" />
    <size key="GridCell.Tab.3.right.-180.-2160.3840.2160@192dpi" width="2952" height="626" />
    <size key="GridCell.Tab.3.bottom.-180.-2160.3840.2160@192dpi" width="2952" height="626" />
    <size key="GridCell.Tab.0.left.-848.-2880.5120.2880@192dpi" width="3334" height="908" />
    <size key="GridCell.Tab.0.center.-848.-2880.5120.2880@192dpi" width="3334" height="908" />
    <size key="GridCell.Tab.0.right.-848.-2880.5120.2880@192dpi" width="3334" height="908" />
    <size key="GridCell.Tab.0.bottom.-848.-2880.5120.2880@192dpi" width="3334" height="908" />
    <size key="find.popup.-848.-2880.5120.2880@192dpi" width="2480" height="2034" />
    <size key="GridCell.Tab.0.left.3360.-2158.5120.2880@192dpi" width="3022" height="862" />
    <size key="GridCell.Tab.0.center.3360.-2158.5120.2880@192dpi" width="3022" height="862" />
    <size key="GridCell.Tab.0.right.3360.-2158.5120.2880@192dpi" width="3022" height="862" />
    <size key="GridCell.Tab.0.bottom.3360.-2158.5120.2880@192dpi" width="3022" height="862" />
    <size key="find.popup.3360.-2158.5120.2880@192dpi" width="2430" height="2034" />
    <size key="GridCell.Tab.1.left.3360.-2158.5120.2880@192dpi" width="3304" height="844" />
    <size key="GridCell.Tab.1.center.3360.-2158.5120.2880@192dpi" width="3304" height="844" />
    <size key="GridCell.Tab.1.right.3360.-2158.5120.2880@192dpi" width="3304" height="844" />
    <size key="GridCell.Tab.1.bottom.3360.-2158.5120.2880@192dpi" width="3304" height="844" />
    <size key="GridCell.Tab.2.left.3360.-2158.5120.2880@192dpi" width="3304" height="844" />
    <size key="GridCell.Tab.2.center.3360.-2158.5120.2880@192dpi" width="3304" height="844" />
    <size key="GridCell.Tab.2.right.3360.-2158.5120.2880@192dpi" width="3304" height="844" />
    <size key="GridCell.Tab.2.bottom.3360.-2158.5120.2880@192dpi" width="3304" height="844" />
    <size key="GridCell.Tab.3.left.3360.-2158.5120.2880@192dpi" width="3304" height="844" />
    <size key="GridCell.Tab.3.center.3360.-2158.5120.2880@192dpi" width="3304" height="844" />
    <size key="GridCell.Tab.3.right.3360.-2158.5120.2880@192dpi" width="3304" height="844" />
    <size key="GridCell.Tab.3.bottom.3360.-2158.5120.2880@192dpi" width="3304" height="844" />
    <size key="GridCell.Tab.0.left.0.0.5120.2880@192dpi" width="2374" height="884" />
    <size key="GridCell.Tab.0.center.0.0.5120.2880@192dpi" width="2374" height="884" />
    <size key="GridCell.Tab.0.right.0.0.5120.2880@192dpi" width="2374" height="884" />
    <size key="GridCell.Tab.0.bottom.0.0.5120.2880@192dpi" width="2374" height="884" />
    <size key="GridCell.Tab.1.left.0.0.5120.2880@192dpi" width="3272" height="760" />
    <size key="GridCell.Tab.1.center.0.0.5120.2880@192dpi" width="3272" height="760" />
    <size key="GridCell.Tab.1.right.0.0.5120.2880@192dpi" width="3272" height="760" />
    <size key="GridCell.Tab.1.bottom.0.0.5120.2880@192dpi" width="3272" height="760" />
    <size key="GridCell.Tab.2.left.0.0.5120.2880@192dpi" width="3272" height="760" />
    <size key="GridCell.Tab.2.center.0.0.5120.2880@192dpi" width="3272" height="760" />
    <size key="GridCell.Tab.2.right.0.0.5120.2880@192dpi" width="3272" height="760" />
    <size key="GridCell.Tab.2.bottom.0.0.5120.2880@192dpi" width="3272" height="760" />
    <size key="GridCell.Tab.3.left.0.0.5120.2880@192dpi" width="2938" height="666" />
    <size key="GridCell.Tab.3.center.0.0.5120.2880@192dpi" width="2938" height="666" />
    <size key="GridCell.Tab.3.right.0.0.5120.2880@192dpi" width="2938" height="666" />
    <size key="GridCell.Tab.3.bottom.0.0.5120.2880@192dpi" width="2938" height="666" />
    <size key="find.popup.0.0.5120.2880@192dpi" width="1648" height="956" />
    <size key="GridCell.Tab.0.left.-3360.1698.3360.2100@192dpi" width="4388" height="556" />
    <size key="GridCell.Tab.0.center.-3360.1698.3360.2100@192dpi" width="4388" height="556" />
    <size key="GridCell.Tab.0.right.-3360.1698.3360.2100@192dpi" width="4388" height="556" />
    <size key="GridCell.Tab.0.bottom.-3360.1698.3360.2100@192dpi" width="4388" height="556" />
    <size key="GridCell.Tab.0.left.-3360.1130.3360.2100@192dpi" width="2492" height="546" />
    <size key="GridCell.Tab.0.center.-3360.1130.3360.2100@192dpi" width="2492" height="546" />
    <size key="GridCell.Tab.0.right.-3360.1130.3360.2100@192dpi" width="2492" height="546" />
    <size key="GridCell.Tab.0.bottom.-3360.1130.3360.2100@192dpi" width="2492" height="546" />
    <size key="find.popup.228.2160.3360.2100@192dpi" width="1772" height="1288" />
    <size key="GridCell.Tab.0.left.228.2160.3360.2100@192dpi" width="3318" height="452" />
    <size key="GridCell.Tab.0.center.228.2160.3360.2100@192dpi" width="3318" height="452" />
    <size key="GridCell.Tab.0.right.228.2160.3360.2100@192dpi" width="3318" height="452" />
    <size key="GridCell.Tab.0.bottom.228.2160.3360.2100@192dpi" width="3318" height="452" />
    <size key="GridCell.Tab.0.left.0.0.1920.1080" width="1161" height="287" />
    <size key="GridCell.Tab.0.center.0.0.1920.1080" width="1161" height="287" />
    <size key="GridCell.Tab.0.right.0.0.1920.1080" width="1161" height="287" />
    <size key="GridCell.Tab.0.bottom.0.0.1920.1080" width="1161" height="287" />
    <size key="find.popup.0.0.1920.1080" width="1135" height="593" />
    <size key="GridCell.Tab.1.left.0.0.1920.1080" width="1545" height="461" />
    <size key="GridCell.Tab.1.center.0.0.1920.1080" width="1545" height="461" />
    <size key="GridCell.Tab.1.right.0.0.1920.1080" width="1545" height="461" />
    <size key="GridCell.Tab.1.bottom.0.0.1920.1080" width="1545" height="461" />
    <size key="GridCell.Tab.2.left.0.0.1920.1080" width="1545" height="461" />
    <size key="GridCell.Tab.2.center.0.0.1920.1080" width="1545" height="461" />
    <size key="GridCell.Tab.2.right.0.0.1920.1080" width="1545" height="461" />
    <size key="GridCell.Tab.2.bottom.0.0.1920.1080" width="1545" height="461" />
    <size key="GridCell.Tab.0.left.-3360.1708.3360.2100@192dpi" width="2452" height="666" />
    <size key="GridCell.Tab.0.center.-3360.1708.3360.2100@192dpi" width="2452" height="666" />
    <size key="GridCell.Tab.0.right.-3360.1708.3360.2100@192dpi" width="2452" height="666" />
    <size key="GridCell.Tab.0.bottom.-3360.1708.3360.2100@192dpi" width="2452" height="666" />
    <size key="find.popup.-3360.1708.3360.2100@192dpi" width="1318" height="1134" />
    <size key="find.popup.734.2880.3360.2100@192dpi" width="1856" height="1640" />
    <size key="GridCell.Tab.0.left.734.2880.3360.2100@192dpi" width="2384" height="622" />
    <size key="GridCell.Tab.0.center.734.2880.3360.2100@192dpi" width="2384" height="622" />
    <size key="GridCell.Tab.0.right.734.2880.3360.2100@192dpi" width="2384" height="622" />
    <size key="GridCell.Tab.0.bottom.734.2880.3360.2100@192dpi" width="2384" height="622" />
    <size key="GridCell.Tab.0.left.884.2880.3360.2100@192dpi" width="3316" height="546" />
    <size key="GridCell.Tab.0.center.884.2880.3360.2100@192dpi" width="3316" height="546" />
    <size key="GridCell.Tab.0.right.884.2880.3360.2100@192dpi" width="3316" height="546" />
    <size key="GridCell.Tab.0.bottom.884.2880.3360.2100@192dpi" width="3316" height="546" />
    <size key="GridCell.Tab.1.left.884.2880.3360.2100@192dpi" width="4928" height="1210" />
    <size key="GridCell.Tab.1.center.884.2880.3360.2100@192dpi" width="4928" height="1210" />
    <size key="GridCell.Tab.1.right.884.2880.3360.2100@192dpi" width="4928" height="1210" />
    <size key="GridCell.Tab.1.bottom.884.2880.3360.2100@192dpi" width="4928" height="1210" />
    <size key="GridCell.Tab.2.left.884.2880.3360.2100@192dpi" width="4928" height="1210" />
    <size key="GridCell.Tab.2.center.884.2880.3360.2100@192dpi" width="4928" height="1210" />
    <size key="GridCell.Tab.2.right.884.2880.3360.2100@192dpi" width="4928" height="1210" />
    <size key="GridCell.Tab.2.bottom.884.2880.3360.2100@192dpi" width="4928" height="1210" />
    <size key="find.popup.884.2880.3360.2100@192dpi" width="1772" height="1288" />
    <size key="find.popup.0.0.3584.2240@192dpi" width="1756" height="1060" />
    <size key="GridCell.Tab.0.left.0.0.3584.2240@192dpi" width="2636" height="576" />
    <size key="GridCell.Tab.0.center.0.0.3584.2240@192dpi" width="2636" height="576" />
    <size key="GridCell.Tab.0.right.0.0.3584.2240@192dpi" width="2636" height="576" />
    <size key="GridCell.Tab.0.bottom.0.0.3584.2240@192dpi" width="2636" height="576" />
    <size key="GridCell.Tab.0.left.0.0.2560.1440" width="1623" height="448" />
    <size key="GridCell.Tab.0.center.0.0.2560.1440" width="1623" height="448" />
    <size key="GridCell.Tab.0.right.0.0.2560.1440" width="1623" height="448" />
    <size key="GridCell.Tab.0.bottom.0.0.2560.1440" width="1623" height="448" />
    <size key="find.popup.0.0.2560.1440" width="1216" height="1087" />
    <size key="find.popup.-3584.640.3584.2240@192dpi" width="2206" height="1584" />
    <size key="GridCell.Tab.1.left.0.0.2560.1440" width="1637" height="566" />
    <size key="GridCell.Tab.1.center.0.0.2560.1440" width="1637" height="566" />
    <size key="GridCell.Tab.1.right.0.0.2560.1440" width="1637" height="566" />
    <size key="GridCell.Tab.1.bottom.0.0.2560.1440" width="1637" height="566" />
    <size key="GridCell.Tab.2.left.0.0.2560.1440" width="1637" height="566" />
    <size key="GridCell.Tab.2.center.0.0.2560.1440" width="1637" height="566" />
    <size key="GridCell.Tab.2.right.0.0.2560.1440" width="1637" height="566" />
    <size key="GridCell.Tab.2.bottom.0.0.2560.1440" width="1637" height="566" />
    <size key="GridCell.Tab.0.left.-3584.640.3584.2240@192dpi" width="3542" height="712" />
    <size key="GridCell.Tab.0.center.-3584.640.3584.2240@192dpi" width="3542" height="712" />
    <size key="GridCell.Tab.0.right.-3584.640.3584.2240@192dpi" width="3542" height="712" />
    <size key="GridCell.Tab.0.bottom.-3584.640.3584.2240@192dpi" width="3542" height="712" />
    <size key="GridCell.Tab.1.left.-3584.640.3584.2240@192dpi" width="1858" height="732" />
    <size key="GridCell.Tab.1.center.-3584.640.3584.2240@192dpi" width="1858" height="732" />
    <size key="GridCell.Tab.1.right.-3584.640.3584.2240@192dpi" width="1858" height="732" />
    <size key="GridCell.Tab.1.bottom.-3584.640.3584.2240@192dpi" width="1858" height="732" />
    <size key="GridCell.Tab.2.left.-3584.640.3584.2240@192dpi" width="1858" height="732" />
    <size key="GridCell.Tab.2.center.-3584.640.3584.2240@192dpi" width="1858" height="732" />
    <size key="GridCell.Tab.2.right.-3584.640.3584.2240@192dpi" width="1858" height="732" />
    <size key="GridCell.Tab.2.bottom.-3584.640.3584.2240@192dpi" width="1858" height="732" />
    <size key="GridCell.Tab.1.left.0.0.3584.2240@192dpi" width="3272" height="760" />
    <size key="GridCell.Tab.1.center.0.0.3584.2240@192dpi" width="3272" height="760" />
    <size key="GridCell.Tab.1.right.0.0.3584.2240@192dpi" width="3272" height="760" />
    <size key="GridCell.Tab.1.bottom.0.0.3584.2240@192dpi" width="3272" height="760" />
    <size key="GridCell.Tab.2.left.0.0.3584.2240@192dpi" width="3272" height="760" />
    <size key="GridCell.Tab.2.center.0.0.3584.2240@192dpi" width="3272" height="760" />
    <size key="GridCell.Tab.2.right.0.0.3584.2240@192dpi" width="3272" height="760" />
    <size key="GridCell.Tab.2.bottom.0.0.3584.2240@192dpi" width="3272" height="760" />
    <size key="GridCell.Tab.0.left.-3584.1322.3584.2240@192dpi" width="3386" height="712" />
    <size key="GridCell.Tab.0.center.-3584.1322.3584.2240@192dpi" width="3386" height="712" />
    <size key="GridCell.Tab.0.right.-3584.1322.3584.2240@192dpi" width="3386" height="712" />
    <size key="GridCell.Tab.0.bottom.-3584.1322.3584.2240@192dpi" width="3386" height="712" />
    <size key="javadoc.popup.new.0.0.2560.1440" width="931" height="387" />
    <size key="javadoc.popup.new.0.0.3584.2240@192dpi" width="1502" height="828" />
    <size key="find.popup.-3584.1322.3584.2240@192dpi" width="2212" height="1588" />
    <size key="javadoc.popup.new.0.0.5120.2880@192dpi" width="920" height="696" />
    <size key="GridCell.Tab.0.left.-5120.-326.5120.2880@192dpi" width="3712" height="704" />
    <size key="GridCell.Tab.0.center.-5120.-326.5120.2880@192dpi" width="3712" height="704" />
    <size key="GridCell.Tab.0.right.-5120.-326.5120.2880@192dpi" width="3712" height="704" />
    <size key="GridCell.Tab.0.bottom.-5120.-326.5120.2880@192dpi" width="3712" height="704" />
    <size key="GridCell.Tab.0.left.-696.-2880.5120.2880@192dpi" width="2670" height="704" />
    <size key="GridCell.Tab.0.center.-696.-2880.5120.2880@192dpi" width="2670" height="704" />
    <size key="GridCell.Tab.0.right.-696.-2880.5120.2880@192dpi" width="2670" height="704" />
    <size key="GridCell.Tab.0.bottom.-696.-2880.5120.2880@192dpi" width="2670" height="704" />
    <size key="GridCell.Tab.0.left.-3584.1030.3584.2240@192dpi" width="3542" height="518" />
    <size key="GridCell.Tab.0.center.-3584.1030.3584.2240@192dpi" width="3542" height="518" />
    <size key="GridCell.Tab.0.right.-3584.1030.3584.2240@192dpi" width="3542" height="518" />
    <size key="GridCell.Tab.0.bottom.-3584.1030.3584.2240@192dpi" width="3542" height="518" />
    <size key="find.popup.-3584.1324.3584.2240@192dpi" width="2196" height="1232" />
    <size key="GridCell.Tab.0.left.-3584.1340.3584.2240@192dpi" width="3266" height="928" />
    <size key="GridCell.Tab.0.center.-3584.1340.3584.2240@192dpi" width="3266" height="928" />
    <size key="GridCell.Tab.0.right.-3584.1340.3584.2240@192dpi" width="3266" height="928" />
    <size key="GridCell.Tab.0.bottom.-3584.1340.3584.2240@192dpi" width="3266" height="928" />
    <size key="GridCell.Tab.2.left.-3584.1340.3584.2240@192dpi" width="3266" height="864" />
    <size key="GridCell.Tab.2.center.-3584.1340.3584.2240@192dpi" width="3266" height="864" />
    <size key="GridCell.Tab.2.right.-3584.1340.3584.2240@192dpi" width="3266" height="864" />
    <size key="GridCell.Tab.2.bottom.-3584.1340.3584.2240@192dpi" width="3266" height="864" />
    <size key="GridCell.Tab.1.left.-3584.1340.3584.2240@192dpi" width="3266" height="864" />
    <size key="GridCell.Tab.1.center.-3584.1340.3584.2240@192dpi" width="3266" height="864" />
    <size key="GridCell.Tab.1.right.-3584.1340.3584.2240@192dpi" width="3266" height="864" />
    <size key="GridCell.Tab.1.bottom.-3584.1340.3584.2240@192dpi" width="3266" height="864" />
    <size key="find.popup.-3584.1340.3584.2240@192dpi" width="1360" height="1290" />
    <size key="find.popup.-3584.1082.3584.2240@192dpi" width="1360" height="1100" />
    <size key="find.popup.-3584.960.3584.2240@192dpi" width="1748" height="1682" />
    <size key="GridCell.Tab.0.left.-3584.960.3584.2240@192dpi" width="3542" height="662" />
    <size key="GridCell.Tab.0.center.-3584.960.3584.2240@192dpi" width="3542" height="662" />
    <size key="GridCell.Tab.0.right.-3584.960.3584.2240@192dpi" width="3542" height="662" />
    <size key="GridCell.Tab.0.bottom.-3584.960.3584.2240@192dpi" width="3542" height="662" />
    <size key="GridCell.Tab.0.left.-3584.1444.3584.2240@192dpi" width="3542" height="662" />
    <size key="GridCell.Tab.0.center.-3584.1444.3584.2240@192dpi" width="3542" height="662" />
    <size key="GridCell.Tab.0.right.-3584.1444.3584.2240@192dpi" width="3542" height="662" />
    <size key="GridCell.Tab.0.bottom.-3584.1444.3584.2240@192dpi" width="3542" height="662" />
    <size key="find.popup.-3584.1332.3584.2240@192dpi" width="1660" height="1566" />
    <size key="GridCell.Tab.0.left.-3584.1332.3584.2240@192dpi" width="3542" height="666" />
    <size key="GridCell.Tab.0.center.-3584.1332.3584.2240@192dpi" width="3542" height="666" />
    <size key="GridCell.Tab.0.right.-3584.1332.3584.2240@192dpi" width="3542" height="666" />
    <size key="GridCell.Tab.0.bottom.-3584.1332.3584.2240@192dpi" width="3542" height="666" />
    <size key="find.popup.-3584.2094.3584.2240@192dpi" width="1756" height="1684" />
    <size key="GridCell.Tab.0.left.-3584.1026.3584.2240@192dpi" width="3542" height="466" />
    <size key="GridCell.Tab.0.center.-3584.1026.3584.2240@192dpi" width="3542" height="466" />
    <size key="GridCell.Tab.0.right.-3584.1026.3584.2240@192dpi" width="3542" height="466" />
    <size key="GridCell.Tab.0.bottom.-3584.1026.3584.2240@192dpi" width="3542" height="466" />
    <size key="find.popup.-3584.1320.3584.2240@192dpi" width="1760" height="1686" />
    <size key="GridCell.Tab.0.left.-3584.1320.3584.2240@192dpi" width="3420" height="542" />
    <size key="GridCell.Tab.0.center.-3584.1320.3584.2240@192dpi" width="3420" height="542" />
    <size key="GridCell.Tab.0.right.-3584.1320.3584.2240@192dpi" width="3420" height="542" />
    <size key="GridCell.Tab.0.bottom.-3584.1320.3584.2240@192dpi" width="3420" height="542" />
    <size key="find.popup.0.0.3024.1964@192dpi" width="1432" height="958" />
    <size key="find.popup.3024.-1484.5120.2880@192dpi" width="2456" height="1568" />
    <size key="find.popup.3024.-1378.5120.2880@192dpi" width="1912" height="1092" />
    <size key="GridCell.Tab.0.left.3024.-1378.5120.2880@192dpi" width="2364" height="1222" />
    <size key="GridCell.Tab.0.center.3024.-1378.5120.2880@192dpi" width="2364" height="1222" />
    <size key="GridCell.Tab.0.right.3024.-1378.5120.2880@192dpi" width="2364" height="1222" />
    <size key="GridCell.Tab.0.bottom.3024.-1378.5120.2880@192dpi" width="2364" height="1222" />
    <size key="GridCell.Tab.0.left.0.0.3024.1964@192dpi" width="1802" height="478" />
    <size key="GridCell.Tab.0.center.0.0.3024.1964@192dpi" width="1802" height="478" />
    <size key="GridCell.Tab.0.right.0.0.3024.1964@192dpi" width="1802" height="478" />
    <size key="GridCell.Tab.0.bottom.0.0.3024.1964@192dpi" width="1802" height="478" />
    <size key="GridCell.Tab.0.left.3024.-1484.5120.2880@192dpi" width="4506" height="858" />
    <size key="GridCell.Tab.0.center.3024.-1484.5120.2880@192dpi" width="4506" height="858" />
    <size key="GridCell.Tab.0.right.3024.-1484.5120.2880@192dpi" width="4506" height="858" />
    <size key="GridCell.Tab.0.bottom.3024.-1484.5120.2880@192dpi" width="4506" height="858" />
    <size key="GridCell.Tab.2.left.3024.-1484.5120.2880@192dpi" width="4792" height="1070" />
    <size key="GridCell.Tab.2.center.3024.-1484.5120.2880@192dpi" width="4792" height="1070" />
    <size key="GridCell.Tab.2.right.3024.-1484.5120.2880@192dpi" width="4792" height="1070" />
    <size key="GridCell.Tab.2.bottom.3024.-1484.5120.2880@192dpi" width="4792" height="1070" />
    <size key="GridCell.Tab.1.left.3024.-1484.5120.2880@192dpi" width="4792" height="1070" />
    <size key="GridCell.Tab.1.center.3024.-1484.5120.2880@192dpi" width="4792" height="1070" />
    <size key="GridCell.Tab.1.right.3024.-1484.5120.2880@192dpi" width="4792" height="1070" />
    <size key="GridCell.Tab.1.bottom.3024.-1484.5120.2880@192dpi" width="4792" height="1070" />
    <size key="javadoc.popup.new.3024.-1484.5120.2880@192dpi" width="600" height="724" />
    <size key="GridCell.Tab.0.left.3024.-1158.5120.2880@192dpi" width="3200" height="802" />
    <size key="GridCell.Tab.0.center.3024.-1158.5120.2880@192dpi" width="3200" height="802" />
    <size key="GridCell.Tab.0.right.3024.-1158.5120.2880@192dpi" width="3200" height="802" />
    <size key="GridCell.Tab.0.bottom.3024.-1158.5120.2880@192dpi" width="3200" height="802" />
    <size key="find.popup.3024.-1158.5120.2880@192dpi" width="2456" height="1568" />
    <size key="GridCell.Tab.2.left.0.0.3024.1964@192dpi" width="2892" height="564" />
    <size key="GridCell.Tab.2.center.0.0.3024.1964@192dpi" width="2892" height="564" />
    <size key="GridCell.Tab.2.right.0.0.3024.1964@192dpi" width="2892" height="564" />
    <size key="GridCell.Tab.2.bottom.0.0.3024.1964@192dpi" width="2892" height="564" />
    <size key="GridCell.Tab.1.left.0.0.3024.1964@192dpi" width="2514" height="564" />
    <size key="GridCell.Tab.1.center.0.0.3024.1964@192dpi" width="2514" height="564" />
    <size key="GridCell.Tab.1.right.0.0.3024.1964@192dpi" width="2514" height="564" />
    <size key="GridCell.Tab.1.bottom.0.0.3024.1964@192dpi" width="2514" height="564" />
    <size key="javadoc.popup.new.3024.-1158.5120.2880@192dpi" width="750" height="530" />
    <size key="GridCell.Tab.2.left.3024.-1158.5120.2880@192dpi" width="3178" height="822" />
    <size key="GridCell.Tab.2.center.3024.-1158.5120.2880@192dpi" width="3178" height="822" />
    <size key="GridCell.Tab.2.right.3024.-1158.5120.2880@192dpi" width="3178" height="822" />
    <size key="GridCell.Tab.2.bottom.3024.-1158.5120.2880@192dpi" width="3178" height="822" />
    <size key="GridCell.Tab.1.left.3024.-1158.5120.2880@192dpi" width="3178" height="822" />
    <size key="GridCell.Tab.1.center.3024.-1158.5120.2880@192dpi" width="3178" height="822" />
    <size key="GridCell.Tab.1.right.3024.-1158.5120.2880@192dpi" width="3178" height="822" />
    <size key="GridCell.Tab.1.bottom.3024.-1158.5120.2880@192dpi" width="3178" height="822" />
    <size key="javadoc.popup.new.3024.-1378.5120.2880@192dpi" width="1074" height="506" />
    <size key="GridCell.Tab.1.left.3024.-1378.5120.2880@192dpi" width="2364" height="1222" />
    <size key="GridCell.Tab.1.center.3024.-1378.5120.2880@192dpi" width="2364" height="1222" />
    <size key="GridCell.Tab.1.right.3024.-1378.5120.2880@192dpi" width="2364" height="1222" />
    <size key="GridCell.Tab.1.bottom.3024.-1378.5120.2880@192dpi" width="2364" height="1222" />
    <size key="GridCell.Tab.2.left.3024.-1378.5120.2880@192dpi" width="2364" height="1222" />
    <size key="GridCell.Tab.2.center.3024.-1378.5120.2880@192dpi" width="2364" height="1222" />
    <size key="GridCell.Tab.2.right.3024.-1378.5120.2880@192dpi" width="2364" height="1222" />
    <size key="GridCell.Tab.2.bottom.3024.-1378.5120.2880@192dpi" width="2364" height="1222" />
    <size key="javadoc.popup.new.3024.-1412.5120.2880@192dpi" width="836" height="448" />
    <size key="find.popup.3024.-1412.5120.2880@192dpi" width="2456" height="1568" />
    <size key="GridCell.Tab.0.left.3024.-1412.5120.2880@192dpi" width="3488" height="806" />
    <size key="GridCell.Tab.0.center.3024.-1412.5120.2880@192dpi" width="3488" height="806" />
    <size key="GridCell.Tab.0.right.3024.-1412.5120.2880@192dpi" width="3488" height="806" />
    <size key="GridCell.Tab.0.bottom.3024.-1412.5120.2880@192dpi" width="3488" height="806" />
    <size key="GridCell.Tab.2.left.3024.-1412.5120.2880@192dpi" width="3488" height="806" />
    <size key="GridCell.Tab.2.center.3024.-1412.5120.2880@192dpi" width="3488" height="806" />
    <size key="GridCell.Tab.2.right.3024.-1412.5120.2880@192dpi" width="3488" height="806" />
    <size key="GridCell.Tab.2.bottom.3024.-1412.5120.2880@192dpi" width="3488" height="806" />
    <size key="GridCell.Tab.1.left.3024.-1412.5120.2880@192dpi" width="3488" height="806" />
    <size key="GridCell.Tab.1.center.3024.-1412.5120.2880@192dpi" width="3488" height="806" />
    <size key="GridCell.Tab.1.right.3024.-1412.5120.2880@192dpi" width="3488" height="806" />
    <size key="GridCell.Tab.1.bottom.3024.-1412.5120.2880@192dpi" width="3488" height="806" />
    <size key="GridCell.Tab.0.left.3024.-456.5120.2880@192dpi" width="1072" height="782" />
    <size key="GridCell.Tab.0.center.3024.-456.5120.2880@192dpi" width="1072" height="782" />
    <size key="GridCell.Tab.0.right.3024.-456.5120.2880@192dpi" width="1072" height="782" />
    <size key="GridCell.Tab.0.bottom.3024.-456.5120.2880@192dpi" width="1072" height="782" />
    <size key="find.popup.3024.-456.5120.2880@192dpi" width="1292" height="948" />
    <size key="find.popup.3024.-1126.5120.2880@192dpi" width="1456" height="964" />
    <size key="GridCell.Tab.0.left.3024.-1126.5120.2880@192dpi" width="2744" height="392" />
    <size key="GridCell.Tab.0.center.3024.-1126.5120.2880@192dpi" width="2744" height="392" />
    <size key="GridCell.Tab.0.right.3024.-1126.5120.2880@192dpi" width="2744" height="392" />
    <size key="GridCell.Tab.0.bottom.3024.-1126.5120.2880@192dpi" width="2744" height="392" />
    <size key="javadoc.popup.new.3024.-1126.5120.2880@192dpi" width="600" height="582" />
    <size key="GridCell.Tab.1.left.3024.-1126.5120.2880@192dpi" width="3296" height="1174" />
    <size key="GridCell.Tab.1.center.3024.-1126.5120.2880@192dpi" width="3296" height="1174" />
    <size key="GridCell.Tab.1.right.3024.-1126.5120.2880@192dpi" width="3296" height="1174" />
    <size key="GridCell.Tab.1.bottom.3024.-1126.5120.2880@192dpi" width="3296" height="1174" />
    <size key="GridCell.Tab.2.left.3024.-1126.5120.2880@192dpi" width="3296" height="1174" />
    <size key="GridCell.Tab.2.center.3024.-1126.5120.2880@192dpi" width="3296" height="1174" />
    <size key="GridCell.Tab.2.right.3024.-1126.5120.2880@192dpi" width="3296" height="1174" />
    <size key="GridCell.Tab.2.bottom.3024.-1126.5120.2880@192dpi" width="3296" height="1174" />
    <size key="javadoc.popup.new.0.0.3024.1964@192dpi" width="1012" height="790" />
    <size key="GridCell.Tab.1.left.3024.-456.5120.2880@192dpi" width="2848" height="860" />
    <size key="GridCell.Tab.1.center.3024.-456.5120.2880@192dpi" width="2848" height="860" />
    <size key="GridCell.Tab.1.right.3024.-456.5120.2880@192dpi" width="2848" height="860" />
    <size key="GridCell.Tab.1.bottom.3024.-456.5120.2880@192dpi" width="2848" height="860" />
    <size key="GridCell.Tab.2.left.3024.-456.5120.2880@192dpi" width="2848" height="860" />
    <size key="GridCell.Tab.2.center.3024.-456.5120.2880@192dpi" width="2848" height="860" />
    <size key="GridCell.Tab.2.right.3024.-456.5120.2880@192dpi" width="2848" height="860" />
    <size key="GridCell.Tab.2.bottom.3024.-456.5120.2880@192dpi" width="2848" height="860" />
    <size key="find.popup.3024.0.5120.2880@192dpi" width="1444" height="964" />
    <size key="GridCell.Tab.0.left.3024.0.5120.2880@192dpi" width="3108" height="420" />
    <size key="GridCell.Tab.0.center.3024.0.5120.2880@192dpi" width="3108" height="420" />
    <size key="GridCell.Tab.0.right.3024.0.5120.2880@192dpi" width="3108" height="420" />
    <size key="GridCell.Tab.0.bottom.3024.0.5120.2880@192dpi" width="3108" height="420" />
    <size key="GridCell.Tab.1.left.3024.0.5120.2880@192dpi" width="3108" height="420" />
    <size key="GridCell.Tab.1.center.3024.0.5120.2880@192dpi" width="3108" height="420" />
    <size key="GridCell.Tab.1.right.3024.0.5120.2880@192dpi" width="3108" height="420" />
    <size key="GridCell.Tab.1.bottom.3024.0.5120.2880@192dpi" width="3108" height="420" />
    <size key="GridCell.Tab.2.left.3024.0.5120.2880@192dpi" width="3108" height="420" />
    <size key="GridCell.Tab.2.center.3024.0.5120.2880@192dpi" width="3108" height="420" />
    <size key="GridCell.Tab.2.right.3024.0.5120.2880@192dpi" width="3108" height="420" />
    <size key="GridCell.Tab.2.bottom.3024.0.5120.2880@192dpi" width="3108" height="420" />
    <size key="find.popup.3024.-540.5120.2880@192dpi" width="1660" height="956" />
    <size key="GridCell.Tab.0.left.3024.-540.5120.2880@192dpi" width="3204" height="338" />
    <size key="GridCell.Tab.0.center.3024.-540.5120.2880@192dpi" width="3204" height="338" />
    <size key="GridCell.Tab.0.right.3024.-540.5120.2880@192dpi" width="3204" height="338" />
    <size key="GridCell.Tab.0.bottom.3024.-540.5120.2880@192dpi" width="3204" height="338" />
    <size key="find.popup.-770.-2880.5120.2880@192dpi" width="2472" height="1806" />
    <size key="find.popup.3024.-2432.5120.2880@192dpi" width="2420" height="1806" />
    <size key="find.popup.1512.0.1920.1080" width="901" height="674" />
    <size key="find.popup.3024.-2160.5120.2880@192dpi" width="2422" height="1808" />
    <size key="find.popup.-706.-2880.5120.2880@192dpi" width="2476" height="1808" />
    <size key="find.popup.-1010.-2880.5120.2880@192dpi" width="2476" height="1808" />
    <size key="GridCell.Tab.0.left.3024.-1558.5120.2880@192dpi" width="2988" height="584" />
    <size key="GridCell.Tab.0.center.3024.-1558.5120.2880@192dpi" width="2988" height="584" />
    <size key="GridCell.Tab.0.right.3024.-1558.5120.2880@192dpi" width="2988" height="584" />
    <size key="GridCell.Tab.0.bottom.3024.-1558.5120.2880@192dpi" width="2988" height="584" />
    <size key="find.popup.3024.-1558.5120.2880@192dpi" width="2418" height="1806" />
    <size key="GridCell.Tab.0.left.-3024.1402.3024.1964@192dpi" width="2892" height="374" />
    <size key="GridCell.Tab.0.center.-3024.1402.3024.1964@192dpi" width="2892" height="374" />
    <size key="GridCell.Tab.0.right.-3024.1402.3024.1964@192dpi" width="2892" height="374" />
    <size key="GridCell.Tab.0.bottom.-3024.1402.3024.1964@192dpi" width="2892" height="374" />
    <size key="find.popup.-3024.1402.3024.1964@192dpi" width="1636" height="956" />
    <size key="find.popup.3024.-640.5120.2880@192dpi" width="1660" height="956" />
    <size key="GridCell.Tab.0.left.3024.-640.5120.2880@192dpi" width="3204" height="456" />
    <size key="GridCell.Tab.0.center.3024.-640.5120.2880@192dpi" width="3204" height="456" />
    <size key="GridCell.Tab.0.right.3024.-640.5120.2880@192dpi" width="3204" height="456" />
    <size key="GridCell.Tab.0.bottom.3024.-640.5120.2880@192dpi" width="3204" height="456" />
    <size key="GridCell.Tab.1.left.3024.-640.5120.2880@192dpi" width="2432" height="500" />
    <size key="GridCell.Tab.1.center.3024.-640.5120.2880@192dpi" width="2432" height="500" />
    <size key="GridCell.Tab.1.right.3024.-640.5120.2880@192dpi" width="2432" height="500" />
    <size key="GridCell.Tab.1.bottom.3024.-640.5120.2880@192dpi" width="2432" height="500" />
    <size key="GridCell.Tab.0.left.0.0.3024.1964@144dpi" width="2288" height="492" />
    <size key="GridCell.Tab.0.center.0.0.3024.1964@144dpi" width="2288" height="492" />
    <size key="GridCell.Tab.0.right.0.0.3024.1964@144dpi" width="2288" height="492" />
    <size key="GridCell.Tab.0.bottom.0.0.3024.1964@144dpi" width="2288" height="492" />
    <size key="find.popup.0.0.3024.1964@144dpi" width="1274" height="816" />
    <size key="find.popup.3024.-680.5120.2880@192dpi" width="2730" height="1434" />
    <size key="GridCell.Tab.0.left.3024.-680.5120.2880@192dpi" width="2372" height="752" />
    <size key="GridCell.Tab.0.center.3024.-680.5120.2880@192dpi" width="2372" height="752" />
    <size key="GridCell.Tab.0.right.3024.-680.5120.2880@192dpi" width="2372" height="752" />
    <size key="GridCell.Tab.0.bottom.3024.-680.5120.2880@192dpi" width="2372" height="752" />
    <size key="find.popup.-981.-1440.3440.1440" width="836" height="723" />
    <size key="GridCell.Tab.0.left.0.0.2880.1800@192dpi" width="2638" height="436" />
    <size key="GridCell.Tab.0.center.0.0.2880.1800@192dpi" width="2638" height="436" />
    <size key="GridCell.Tab.0.right.0.0.2880.1800@192dpi" width="2638" height="436" />
    <size key="GridCell.Tab.0.bottom.0.0.2880.1800@192dpi" width="2638" height="436" />
  </component>
  <component name="WindowManager">
    <frame x="0" y="33" width="1054" height="949" />
  </component>
  <component name="WindowStateApplicationService">
    <state width="489" height="116" key="ShowUsagesActions.dimensionServiceKey" timestamp="1768291351775">
      <screen x="0" y="34" width="1457" height="948" />
    </state>
    <state width="424" height="99" key="ShowUsagesActions.dimensionServiceKey.ideScale=110" timestamp="1770977977430">
      <screen x="0" y="33" width="1453" height="949" />
    </state>
    <state width="424" height="99" key="ShowUsagesActions.dimensionServiceKey.ideScale=110/0.33.1453.949" timestamp="1770977977430" />
    <state width="424" height="99" key="ShowUsagesActions.dimensionServiceKey.ideScale=110/0.34.1453.948" timestamp="1767446302881" />
    <state width="503" height="239" key="ShowUsagesActions.dimensionServiceKey.ideScale=110/0.34.1455.948" timestamp="1763553465943" />
    <state width="535" height="295" key="ShowUsagesActions.dimensionServiceKey.ideScale=110/0.34.1456.948" timestamp="1768216566989" />
    <state width="535" height="155" key="ShowUsagesActions.dimensionServiceKey.ideScale=110/0.34.1458.948" timestamp="1767508388752" />
    <state width="514" height="78" key="ShowUsagesActions.dimensionServiceKey/0.34.1455.948" timestamp="1764158858897" />
    <state width="489" height="116" key="ShowUsagesActions.dimensionServiceKey/0.34.1457.948" timestamp="1768291351775" />
    <state width="546" height="396" key="ShowUsagesActions.dimensionServiceKey/0.34.1512.948" timestamp="1763890781226" />
    <state x="731" y="461" width="935" height="673" key="WELCOME_SCREEN" timestamp="1768569110128">
      <screen x="0" y="34" width="1463" height="948" />
    </state>
    <state x="727" y="507" width="833" height="949" key="WELCOME_SCREEN.ideScale=110" timestamp="1771052867220">
      <screen x="0" y="33" width="1456" height="949" />
    </state>
    <state x="726" y="507" width="831" height="949" key="WELCOME_SCREEN.ideScale=110/0.33.1453.949" timestamp="1771051494922" />
    <state x="727" y="507" width="832" height="949" key="WELCOME_SCREEN.ideScale=110/0.33.1454.949" timestamp="1771029364314" />
    <state x="727" y="507" width="833" height="949" key="WELCOME_SCREEN.ideScale=110/0.33.1456.949" timestamp="1771052867220" />
    <state x="726" y="508" width="800" height="948" key="WELCOME_SCREEN.ideScale=110/0.34.1453.948" timestamp="1767752791915" />
    <state x="727" y="508" width="802" height="948" key="WELCOME_SCREEN.ideScale=110/0.34.1454.948" timestamp="1768827088483" />
    <state x="727" y="463" width="999" height="678" key="WELCOME_SCREEN.ideScale=110/0.34.1455.948" timestamp="1763805728969" />
    <state x="728" y="508" width="802" height="948" key="WELCOME_SCREEN.ideScale=110/0.34.1456.948" timestamp="1767755238023" />
    <state x="728" y="508" width="803" height="948" key="WELCOME_SCREEN.ideScale=110/0.34.1457.948" timestamp="1768132562412" />
    <state x="755" y="508" width="833" height="948" key="WELCOME_SCREEN.ideScale=110/0.34.1458.948" timestamp="1770110256552" />
    <state x="726" y="461" width="927" height="673" key="WELCOME_SCREEN/0.34.1453.948" timestamp="1764941633610" />
    <state x="727" y="461" width="928" height="673" key="WELCOME_SCREEN/0.34.1455.948" timestamp="1764154479430" />
    <state x="730" y="461" width="933" height="673" key="WELCOME_SCREEN/0.34.1461.948" timestamp="1768302077535" />
    <state x="731" y="461" width="935" height="673" key="WELCOME_SCREEN/0.34.1463.948" timestamp="1768569110128" />
    <state x="755" y="461" width="965" height="673" key="WELCOME_SCREEN/0.34.1512.948" timestamp="1763659417308" />
    <state width="302" height="536" key="manage.recent.projects.popup" timestamp="1768222238289">
      <screen x="0" y="34" width="1460" height="948" />
    </state>
    <state width="301" height="537" key="manage.recent.projects.popup.ideScale=110" timestamp="1771051557060">
      <screen x="0" y="33" width="1453" height="949" />
    </state>
    <state width="301" height="537" key="manage.recent.projects.popup.ideScale=110/0.33.1453.949" timestamp="1771051557060" />
    <state width="303" height="537" key="manage.recent.projects.popup.ideScale=110/0.33.1456.949" timestamp="1770865488828" />
    <state width="303" height="537" key="manage.recent.projects.popup.ideScale=110/0.33.1460.949" timestamp="1771042465733" />
    <state width="314" height="537" key="manage.recent.projects.popup.ideScale=110/0.33.1512.949" timestamp="1770474085417" />
    <state width="300" height="536" key="manage.recent.projects.popup.ideScale=110/0.34.1453.948" timestamp="1768627940592" />
    <state width="300" height="536" key="manage.recent.projects.popup.ideScale=110/0.34.1455.948" timestamp="1763732662750" />
    <state width="302" height="536" key="manage.recent.projects.popup.ideScale=110/0.34.1456.948" timestamp="1768214825099" />
    <state width="302" height="536" key="manage.recent.projects.popup.ideScale=110/0.34.1458.948" timestamp="1767509557314" />
    <state width="303" height="536" key="manage.recent.projects.popup.ideScale=110/0.34.1464.948" timestamp="1770115100906" />
    <state width="312" height="536" key="manage.recent.projects.popup.ideScale=110/0.34.1512.948" timestamp="1763012102876" />
    <state width="300" height="536" key="manage.recent.projects.popup/0.34.1453.948" timestamp="1765793812361" />
    <state width="300" height="536" key="manage.recent.projects.popup/0.34.1455.948" timestamp="1764154683242" />
    <state width="302" height="536" key="manage.recent.projects.popup/0.34.1460.948" timestamp="1768222238289" />
    <state x="393" y="262" width="667" height="677" key="search.everywhere.popup" timestamp="1764075236888">
      <screen x="0" y="34" width="1455" height="948" />
    </state>
    <state x="393" y="262" width="667" height="677" key="search.everywhere.popup/0.34.1455.948" timestamp="1764075236888" />
  </component>
</application>