<profile version="1.0">
  <option name="myName" value="Default" />
  <inspection_tool class="BadExpressionStatementJS" enabled="false" level="WEAK WARNING" enabled_by_default="false" />
  <inspection_tool class="CssUnknownProperty" enabled="true" level="WARNING" enabled_by_default="true">
    <option name="myCustomPropertiesEnabled" value="true" />
    <option name="myIgnoreVendorSpecificProperties" value="false" />
    <option name="myCustomPropertiesList">
      <value>
        <list size="7">
          <item index="0" class="java.lang.String" itemvalue="resize-mode" />
          <item index="1" class="java.lang.String" itemvalue="aspect-ratio" />
          <item index="2" class="java.lang.String" itemvalue="include-font-padding" />
          <item index="3" class="java.lang.String" itemvalue="text-shadow-color" />
          <item index="4" class="java.lang.String" itemvalue="text-shadow-radius" />
          <item index="5" class="java.lang.String" itemvalue="text-size-adjust" />
          <item index="6" class="java.lang.String" itemvalue="scrollbar-width" />
        </list>
      </value>
    </option>
  </inspection_tool>
  <inspection_tool class="DuplicatedCode" enabled="true" level="WEAK WARNING" enabled_by_default="true">
    <Languages>
      <language minSize="1338" name="TypeScript" />
    </Languages>
  </inspection_tool>
  <inspection_tool class="Eslint" enabled="true" level="WARNING" enabled_by_default="true" />
  <inspection_tool class="ExceptionCaughtLocallyJS" enabled="false" level="WARNING" enabled_by_default="false" />
  <inspection_tool class="JSIgnoredPromiseFromCall" enabled="false" level="WEAK WARNING" enabled_by_default="false" />
  <inspection_tool class="JSMethodCanBeStatic" enabled="false" level="WARNING" enabled_by_default="false" />
  <inspection_tool class="JSNonASCIINames" enabled="false" level="WARNING" enabled_by_default="false" />
  <inspection_tool class="JSSuspiciousNameCombination" enabled="false" level="WARNING" enabled_by_default="false">
    <group names="x,width,left,right" />
    <group names="y,height,top,bottom" />
    <exclude classes="Math" />
  </inspection_tool>
  <inspection_tool class="NonAsciiCharacters" enabled="false" level="WARNING" enabled_by_default="false" />
  <inspection_tool class="SpellCheckingInspection" enabled="true" level="INFORMATION" enabled_by_default="true">
    <option name="processCode" value="true" />
    <option name="processLiterals" value="true" />
    <option name="processComments" value="true" />
  </inspection_tool>
  <inspection_tool class="TrivialIfJS" enabled="false" level="WARNING" enabled_by_default="false" />
</profile>