<application>
  <component name="AdvancedSettings">
    <option name="settings">
      <map>
        <entry key="clion.use.radler" value="true" />
        <entry key="confirm.rerun.with.termination" value="false" />
        <entry key="floating.codeToolbar.hide" value="true" />
        <entry key="git.non.modal.commit" value="true" />
        <entry key="ide.ui.native.file.chooser" value="true" />
        <entry key="show.diff.as.editor.tab" value="false" />
        <entry key="terminal.escape.moves.focus.to.editor" value="false" />
      </map>
    </option>
  </component>
</application>