<application>
  <component name="FileTypeManager" version="19">
    <extensionMap>
      <mapping pattern="2021-7-13-kakao-2021-intern" type="AUTO_DETECTED" />
      <mapping pattern="2022-01-05-kakao-coding-test" type="AUTO_DETECTED" />
      <mapping pattern="22-3-6-boj19576" type="AUTO_DETECTED" />
      <mapping pattern="out" type="AUTO_DETECTED" />
      <mapping pattern="tmp" type="AUTO_DETECTED" />
      <mapping pattern="tree_sitter_bash_binding" type="AUTO_DETECTED" />
      <mapping pattern="in" type="AUTO_DETECTED" />
      <mapping pattern="bug-report" type="AUTO_DETECTED" />
      <mapping pattern="Matchfile" type="AUTO_DETECTED" />
      <mapping pattern="tree_sitter_runtime_binding" type="AUTO_DETECTED" />
      <mapping pattern="category" type="AUTO_DETECTED" />
      <mapping pattern="config" type="AUTO_DETECTED" />
      <mapping pattern="Gemfile" type="PLAIN_TEXT" />
      <mapping pattern=".watchmanconfig" type="PLAIN_TEXT" />
      <mapping pattern="estlintConfig" type="PLAIN_TEXT" />
      <mapping pattern="s1978.cpp" type="PLAIN_TEXT" />
      <mapping pattern=".prettierignore" type="PLAIN_TEXT" />
      <mapping pattern="inject_dotenv_ci" type="PLAIN_TEXT" />
      <mapping pattern=".sentryclirc" type="PLAIN_TEXT" />
      <mapping pattern=".svgrrc" type="PLAIN_TEXT" />
      <mapping pattern=".all-contributorsrc" type="PLAIN_TEXT" />
      <mapping pattern=".npmrc" type="PLAIN_TEXT" />
      <mapping pattern="htmlMock" type="PLAIN_TEXT" />
      <mapping pattern=".env.production" type="PLAIN_TEXT" />
      <mapping pattern=".ruby-version" type="PLAIN_TEXT" />
      <mapping ext="mobileprovision" type="PLAIN_TEXT" />
      <mapping ext="der" type="PLAIN_TEXT" />
      <mapping ext="keystore" type="PLAIN_TEXT" />
      <mapping ext="riv" type="PLAIN_TEXT" />
      <mapping ext="rb" type="PLAIN_TEXT" />
      <mapping ext="jsx" type="PLAIN_TEXT" />
      <mapping ext="aar" type="PLAIN_TEXT" />
      <mapping ext="jks" type="PLAIN_TEXT" />
      <mapping ext="bundle" type="PLAIN_TEXT" />
      <mapping ext="mockmaker" type="PLAIN_TEXT" />
      <mapping ext="p12" type="PLAIN_TEXT" />
      <mapping ext="exclude" type="PLAIN_TEXT" />
      <mapping ext="mk" type="PLAIN_TEXT" />
      <mapping ext="gpg" type="PLAIN_TEXT" />
      <mapping ext="hbc" type="PLAIN_TEXT" />
      <mapping ext="gemspec" type="PLAIN_TEXT" />
      <mapping ext="gql" type="PLAIN_TEXT" />
      <mapping ext="p8" type="PLAIN_TEXT" />
      <removed_mapping ext="ddl" approved="true" type="SQL" />
      <removed_mapping ext="dockerignore" approved="true" type="DockerIgnore file" />
      <removed_mapping ext="fnc" approved="true" type="SQL" />
      <removed_mapping ext="gql" approved="true" type="GraphQL" />
      <removed_mapping ext="ignore" approved="true" type="IgnoreLang file" />
      <removed_mapping ext="java" approved="true" type="JAVA" />
      <removed_mapping ext="jsx" approved="true" type="JSX" />
      <removed_mapping ext="md" approved="true" type="PLAIN_TEXT" />
      <removed_mapping ext="pkb" approved="true" type="SQL" />
      <removed_mapping ext="pks" approved="true" type="SQL" />
      <removed_mapping ext="prc" approved="true" type="SQL" />
      <removed_mapping ext="properties" approved="true" type="PLAIN_TEXT" />
      <removed_mapping ext="sql" approved="true" type="SQL" />
      <removed_mapping ext="tpb" approved="true" type="SQL" />
      <removed_mapping ext="tps" approved="true" type="SQL" />
      <removed_mapping ext="trg" approved="true" type="SQL" />
      <removed_mapping ext="vw" approved="true" type="SQL" />
      <removed_mapping pattern=".prettierignore" approved="true" type="Prettier File" />
      <removed_mapping pattern="Dockerfile" approved="true" type="PLAIN_TEXT" />
      <mapping ext="java" type="TypeScript" />
      <mapping ext="node" type="TypeScript" />
      <mapping ext="test" type="TypeScript" />
      <mapping pattern="Enum" type="JavaScript" />
      <mapping pattern="nav_list" type="Liquid Template" />
    </extensionMap>
  </component>
</application>