<application>
  <component name="FindSettings">
    <option name="customScope" value="All Places" />
    <option name="defaultScopeName" value="All Places" />
    <option name="showResultsInSeparateView" value="true" />
    <option name="SHOW_RESULTS_IN_SEPARATE_VIEW" value="true" />
    <option name="SEARCH_SCOPE" value="All Places" />
    <mask>*.xml</mask>
    <mask>*.jsp</mask>
    <mask>*.properties</mask>
    <mask>*.css</mask>
    <mask>*.htm</mask>
    <mask>*.shtml</mask>
    <mask>*.shtm</mask>
    <mask>*.sht</mask>
    <mask>*.ng</mask>
    <mask>*.html</mask>
    <mask>*.ats</mask>
    <mask>*.java</mask>
    <mask>*.cjs</mask>
    <mask>*.js</mask>
    <mask>*.js, *.jsx</mask>
    <mask>*.ts,*.tsx</mask>
    <mask>*.ts</mask>
    <mask>*.js, *.jsx, *.ts, *.tsx, *.json</mask>
    <mask>*.js, *.jsx, *.ts, *.tsx, *.json, *.html</mask>
    <mask>*.md</mask>
    <mask>*.js, *.jsx, *.ts, *.tsx, !*.test.ts, !*.test.tsx</mask>
    <mask>*.js, *.jsx, *.ts, *.tsx, *.css</mask>
    <mask>*.json</mask>
    <mask>*.js, *.jsx, *.ts, *.tsx, *.json, *.html, *.css, *.scss</mask>
    <mask>*.js, *.jsx, *.ts, *.tsx</mask>
    <mask>*.js, *.jsx, *.ts, *.tsx, *.mjs, *.cjs</mask>
  </component>
</application>