<application>
  <component name="GeneralSettings">
    <option name="showTipsOnStartup" value="false" />
    <option name="reopenLastProject" value="false" />
    <option name="confirmExit" value="false" />
    <option name="confirmOpenNewProject2" value="0" />
    <option name="processCloseConfirmation" value="TERMINATE" />
  </component>
  <component name="Registry">
    <entry key="ide.mac.allowDarkWindowDecorations" value="true" source="SYSTEM" />
    <entry key="ide.experimental.ui" value="true" source="SYSTEM" />
    <entry key="js.debugger.webconsole" value="false" source="SYSTEM" />
    <entry key="ide.tree.ui.experimental" value="false" source="SYSTEM" />
    <entry key="documentation.show.toolbar" value="true" source="SYSTEM" />
    <entry key="ide.tooltip.initialDelay" value="800" source="SYSTEM" />
    <entry key="debugger.new.tool.window.layout" value="true" source="SYSTEM" />
    <entry key="moved.to.new.ui" value="true" source="SYSTEM" />
    <entry key="cache.folding.model.on.disk" value="false" source="SYSTEM" />
    <entry key="ide.mac.transparentTitleBarAppearance" value="true" source="SYSTEM" />
    <entry key="clang.parameter.info" value="true" source="SYSTEM" />
    <entry key="ide.balloon.shadow.size" value="0" source="SYSTEM" />
    <entry key="ide.animate.toolwindows" value="true" source="SYSTEM" />
    <entry key="idea.islands.color.gradient.enabled" value="false" source="SYSTEM" />
    <entry key="ide.colorful.toolbar.gradient.radius" value="600" source="SYSTEM" />
  </component>
  <component name="StatusBar">
    <option name="widgets">
      <map>
        <entry key="ClangdMemory" value="true" />
        <entry key="CodeStyleStatusBarWidget" value="false" />
        <entry key="Encoding" value="false" />
        <entry key="IdeaVimMacro" value="false" />
        <entry key="IdeaVimMode" value="false" />
        <entry key="LineSeparator" value="false" />
        <entry key="Memory" value="true" />
        <entry key="Position" value="false" />
        <entry key="ReadOnlyAttribute" value="false" />
        <entry key="mtAccentBarFactory" value="false" />
        <entry key="mtProjectFactory" value="false" />
        <entry key="mtThemeFactory" value="false" />
        <entry key="webDeployment.default.server.widget" value="false" />
      </map>
    </option>
  </component>
</application>