<keymap version="1" name="MJ KEYMAP" parent="Mac OS X 10.5+">
  <action id="AceAction">
    <keyboard-shortcut first-keystroke="meta semicolon" />
    <keyboard-shortcut first-keystroke="ctrl semicolon" />
  </action>
  <action id="AceLineAction">
    <keyboard-shortcut first-keystroke="shift meta semicolon" />
    <keyboard-shortcut first-keystroke="shift ctrl semicolon" />
  </action>
  <action id="AceTargetAction">
    <keyboard-shortcut first-keystroke="meta alt semicolon" />
    <keyboard-shortcut first-keystroke="ctrl alt semicolon" />
  </action>
  <action id="ActivateBookmarksToolWindow" />
  <action id="ActivateCommitToolWindow" />
  <action id="ActivateDBBrowserToolWindow">
    <keyboard-shortcut first-keystroke="meta 3" />
  </action>
  <action id="ActivateDebugToolWindow" />
  <action id="ActivateFavoritesToolWindow" />
  <action id="ActivateFindToolWindow" />
  <action id="ActivateProblemsViewToolWindow">
    <keyboard-shortcut first-keystroke="meta 5" />
  </action>
  <action id="ActivateRunToolWindow" />
  <action id="ActivateServicesToolWindow" />
  <action id="ActivateStructureToolWindow" />
  <action id="ActivateTODOToolWindow" />
  <action id="ActivateTerminalToolWindow">
    <keyboard-shortcut first-keystroke="meta 3" />
  </action>
  <action id="ActivateVersionControlToolWindow">
    <keyboard-shortcut first-keystroke="meta back_quote" />
  </action>
  <action id="Android.HotswapChanges">
    <keyboard-shortcut first-keystroke="ctrl meta r" />
  </action>
  <action id="Arrangement.Alias.Rule.Add">
    <keyboard-shortcut first-keystroke="meta n" />
  </action>
  <action id="Arrangement.Alias.Rule.Match.Condition.Move.Down" />
  <action id="Arrangement.Rule.Add">
    <keyboard-shortcut first-keystroke="meta n" />
  </action>
  <action id="Arrangement.Rule.Group.Condition.Move.Down" />
  <action id="Arrangement.Rule.Group.Condition.Move.Up" />
  <action id="Arrangement.Rule.Match.Condition.Move.Down" />
  <action id="Arrangement.Rule.Match.Condition.Move.Up" />
  <action id="Back">
    <mouse-shortcut keystroke="button4" />
  </action>
  <action id="CallHierarchy" />
  <action id="ChangesView.AddUnversioned">
    <keyboard-shortcut first-keystroke="meta alt a" />
  </action>
  <action id="ChangesView.Move" />
  <action id="ChangesView.ShelveSilently">
    <keyboard-shortcut first-keystroke="shift meta h" />
  </action>
  <action id="ChangesView.ShowCommitOptions" />
  <action id="ChangesView.ToggleCommitUi">
    <keyboard-shortcut first-keystroke="meta k" />
  </action>
  <action id="ChangesView.UnshelveSilently">
    <keyboard-shortcut first-keystroke="meta alt u" />
  </action>
  <action id="CheckinProject">
    <keyboard-shortcut first-keystroke="meta k" />
  </action>
  <action id="CleanGradleProject">
    <keyboard-shortcut first-keystroke="ctrl meta alt c" />
  </action>
  <action id="CloseAllEditorsButActive">
    <keyboard-shortcut first-keystroke="meta alt w" />
  </action>
  <action id="Code.Review.Editor.New.Comment">
    <keyboard-shortcut first-keystroke="shift meta x" />
  </action>
  <action id="CollapseAll">
    <keyboard-shortcut first-keystroke="meta subtract" />
  </action>
  <action id="CollapseAllRegions">
    <keyboard-shortcut first-keystroke="meta alt left" />
  </action>
  <action id="CollapseExpandableComponent">
    <keyboard-shortcut first-keystroke="shift enter" />
    <keyboard-shortcut first-keystroke="meta subtract" />
  </action>
  <action id="CollapseRegion">
    <keyboard-shortcut first-keystroke="meta left" />
  </action>
  <action id="CollapseSelection" />
  <action id="CollapsiblePanel-toggle" />
  <action id="Compare.SameVersion" />
  <action id="Console.Jdbc.BrowseHistory">
    <keyboard-shortcut first-keystroke="meta alt e" />
  </action>
  <action id="Console.Jdbc.Cancel">
    <keyboard-shortcut first-keystroke="meta f2" />
  </action>
  <action id="Console.Jdbc.Execute">
    <keyboard-shortcut first-keystroke="meta enter" />
  </action>
  <action id="Console.TableResult.AddColumn">
    <keyboard-shortcut first-keystroke="shift meta 8" />
  </action>
  <action id="Console.TableResult.AddRow">
    <keyboard-shortcut first-keystroke="meta n" />
  </action>
  <action id="Console.TableResult.CloneColumn">
    <keyboard-shortcut first-keystroke="shift meta alt d" />
  </action>
  <action id="Console.TableResult.CloneRow">
    <keyboard-shortcut first-keystroke="meta d" />
  </action>
  <action id="Console.TableResult.ColumnSortReset">
    <keyboard-shortcut first-keystroke="shift meta alt back_space" />
  </action>
  <action id="Console.TableResult.ColumnVisibility" />
  <action id="Console.TableResult.ColumnsList">
    <keyboard-shortcut first-keystroke="meta f12" />
  </action>
  <action id="Console.TableResult.CompareCells">
    <keyboard-shortcut first-keystroke="shift meta d" />
  </action>
  <action id="Console.TableResult.Copy">
    <keyboard-shortcut first-keystroke="meta c" />
    <keyboard-shortcut first-keystroke="meta insert" />
  </action>
  <action id="Console.TableResult.CopyAggregatorResult">
    <keyboard-shortcut first-keystroke="shift meta c" />
  </action>
  <action id="Console.TableResult.DeleteColumns">
    <keyboard-shortcut first-keystroke="shift alt delete" />
  </action>
  <action id="Console.TableResult.DeleteRows">
    <keyboard-shortcut first-keystroke="meta back_space" />
    <keyboard-shortcut first-keystroke="meta y" />
  </action>
  <action id="Console.TableResult.EditFilterCriteria">
    <keyboard-shortcut first-keystroke="shift meta alt f" />
  </action>
  <action id="Console.TableResult.EditValue">
    <keyboard-shortcut first-keystroke="alt enter" />
    <keyboard-shortcut first-keystroke="f2" />
  </action>
  <action id="Console.TableResult.EditValueMaximized">
    <keyboard-shortcut first-keystroke="shift enter" />
    <keyboard-shortcut first-keystroke="shift alt enter" />
  </action>
  <action id="Console.TableResult.FindInGrid">
    <keyboard-shortcut first-keystroke="meta f" />
  </action>
  <action id="Console.TableResult.GotoReferencedResult">
    <keyboard-shortcut first-keystroke="alt enter" />
    <keyboard-shortcut first-keystroke="f2" />
  </action>
  <action id="Console.TableResult.GotoReferencingResult">
    <keyboard-shortcut first-keystroke="meta b" />
  </action>
  <action id="Console.TableResult.HideEditMaximized">
    <keyboard-shortcut first-keystroke="ctrl meta alt 0" />
  </action>
  <action id="Console.TableResult.MaximizeEditingCell">
    <keyboard-shortcut first-keystroke="shift meta alt m" />
  </action>
  <action id="Console.TableResult.NavigateAction">
    <keyboard-shortcut first-keystroke="meta down" />
    <keyboard-shortcut first-keystroke="f4" />
  </action>
  <action id="Console.TableResult.NextPage">
    <keyboard-shortcut first-keystroke="meta alt down" />
  </action>
  <action id="Console.TableResult.OpenLocalFileAction">
    <keyboard-shortcut first-keystroke="meta down" />
    <keyboard-shortcut first-keystroke="f4" />
  </action>
  <action id="Console.TableResult.OpenWebUrlAction">
    <keyboard-shortcut first-keystroke="meta down" />
    <keyboard-shortcut first-keystroke="f4" />
  </action>
  <action id="Console.TableResult.PreviousPage">
    <keyboard-shortcut first-keystroke="meta alt up" />
  </action>
  <action id="Console.TableResult.Reload">
    <keyboard-shortcut first-keystroke="meta r" />
  </action>
  <action id="Console.TableResult.RevertSelected">
    <keyboard-shortcut first-keystroke="meta alt z" />
  </action>
  <action id="Console.TableResult.SelectRow">
    <keyboard-shortcut first-keystroke="shift space" />
  </action>
  <action id="Console.TableResult.SetDefault" />
  <action id="Console.TableResult.SetNull">
    <keyboard-shortcut first-keystroke="meta alt n" />
  </action>
  <action id="Console.TableResult.ShowRecordView">
    <keyboard-shortcut first-keystroke="shift meta enter" />
  </action>
  <action id="Console.TableResult.Submit">
    <keyboard-shortcut first-keystroke="meta enter" />
  </action>
  <action id="Console.TableResult.SubmitAndCommit">
    <keyboard-shortcut first-keystroke="shift meta alt enter" />
  </action>
  <action id="Console.Transaction.Commit">
    <keyboard-shortcut first-keystroke="shift meta alt enter" />
  </action>
  <action id="CopyAbsolutePath">
    <keyboard-shortcut first-keystroke="shift meta c" />
  </action>
  <action id="CopyElement" />
  <action id="CopyPaths">
    <keyboard-shortcut first-keystroke="shift meta c" />
    <keyboard-shortcut first-keystroke="ctrl meta alt c" />
  </action>
  <action id="CopyReference" />
  <action id="Coverage">
    <keyboard-shortcut first-keystroke="meta alt r" />
  </action>
  <action id="CypressOpen">
    <keyboard-shortcut first-keystroke="ctrl meta close_bracket" />
  </action>
  <action id="DatabaseView.CopyAction">
    <keyboard-shortcut first-keystroke="meta d" />
  </action>
  <action id="DatabaseView.CopyDdlAction">
    <keyboard-shortcut first-keystroke="shift meta alt g" />
    <keyboard-shortcut first-keystroke="shift meta c" />
  </action>
  <action id="DatabaseView.DataSourceCopyAction">
    <keyboard-shortcut first-keystroke="meta c" />
    <keyboard-shortcut first-keystroke="meta insert" />
  </action>
  <action id="DatabaseView.DataSourceCutAction">
    <keyboard-shortcut first-keystroke="meta x" />
    <keyboard-shortcut first-keystroke="shift delete" />
  </action>
  <action id="DatabaseView.DataSourcePasteAction">
    <keyboard-shortcut first-keystroke="meta v" />
    <keyboard-shortcut first-keystroke="shift insert" />
  </action>
  <action id="DatabaseView.Ddl.AlterObject">
    <keyboard-shortcut first-keystroke="meta f6" />
  </action>
  <action id="DatabaseView.DeactivateAction">
    <keyboard-shortcut first-keystroke="meta f2" />
  </action>
  <action id="DatabaseView.DropAction">
    <keyboard-shortcut first-keystroke="delete" />
  </action>
  <action id="DatabaseView.ForceRefresh">
    <keyboard-shortcut first-keystroke="shift meta alt r" />
  </action>
  <action id="DatabaseView.FullTextSearch">
    <keyboard-shortcut first-keystroke="shift meta alt f" />
  </action>
  <action id="DatabaseView.MoveToGroup">
    <keyboard-shortcut first-keystroke="f5" />
  </action>
  <action id="DatabaseView.OpenDdlInConsole">
    <keyboard-shortcut first-keystroke="shift meta alt b" />
  </action>
  <action id="DatabaseView.OpenFamilyAction">
    <keyboard-shortcut first-keystroke="meta down" />
    <keyboard-shortcut first-keystroke="f4" />
  </action>
  <action id="DatabaseView.PropertiesAction">
    <keyboard-shortcut first-keystroke="meta i" />
  </action>
  <action id="DatabaseView.Refresh">
    <keyboard-shortcut first-keystroke="meta r" />
  </action>
  <action id="DatabaseView.ShowDiff">
    <keyboard-shortcut first-keystroke="meta d" />
  </action>
  <action id="DatabaseView.SqlGenerator">
    <keyboard-shortcut first-keystroke="meta alt g" />
  </action>
  <action id="DatabaseView.Tools" />
  <action id="DatabaseView.Tools.RevertChanges">
    <keyboard-shortcut first-keystroke="meta alt z" />
  </action>
  <action id="DatabaseView.Tools.SubmitChanges">
    <keyboard-shortcut first-keystroke="meta k" />
  </action>
  <action id="Debug" />
  <action id="Diagram.DeselectAll">
    <keyboard-shortcut first-keystroke="meta alt a" />
  </action>
  <action id="Diff.NextChange">
    <keyboard-shortcut first-keystroke="meta right" />
  </action>
  <action id="Diff.PrevChange">
    <keyboard-shortcut first-keystroke="meta left" />
  </action>
  <action id="Docker.RemoteServers.ConnectServer">
    <keyboard-shortcut first-keystroke="meta enter" />
  </action>
  <action id="Docker.RemoteServers.EditServerConfig">
    <keyboard-shortcut first-keystroke="shift f4" />
  </action>
  <action id="Docker.RemoteServers.StartAllComposeApp">
    <keyboard-shortcut first-keystroke="meta enter" />
  </action>
  <action id="Docker.RemoteServers.StartComposeService">
    <keyboard-shortcut first-keystroke="meta enter" />
  </action>
  <action id="Docker.RemoteServers.StartContainer">
    <keyboard-shortcut first-keystroke="meta enter" />
  </action>
  <action id="Docker.RemoteServers.StopComposeApp">
    <keyboard-shortcut first-keystroke="meta f2" />
  </action>
  <action id="Docker.RemoteServers.StopComposeService">
    <keyboard-shortcut first-keystroke="meta f2" />
  </action>
  <action id="Docker.RemoteServers.StopContainer">
    <keyboard-shortcut first-keystroke="meta f2" />
  </action>
  <action id="Docker.RemoteServers.StopDeploy">
    <keyboard-shortcut first-keystroke="meta f2" />
  </action>
  <action id="DomCollectionControl.Add">
    <keyboard-shortcut first-keystroke="insert" />
  </action>
  <action id="DomCollectionControl.Edit">
    <keyboard-shortcut first-keystroke="meta down" />
    <keyboard-shortcut first-keystroke="f4" />
  </action>
  <action id="DomCollectionControl.Remove">
    <keyboard-shortcut first-keystroke="delete" />
    <keyboard-shortcut first-keystroke="back_space" />
    <keyboard-shortcut first-keystroke="meta back_space" />
  </action>
  <action id="DownloadBackendFileToClient">
    <keyboard-shortcut first-keystroke="shift meta d" />
  </action>
  <action id="DumpMLCompletionFeatures">
    <keyboard-shortcut first-keystroke="shift meta alt 9" />
  </action>
  <action id="DuplicatesForm.SendToRight" />
  <action id="EditorAddOrRemoveCaret" />
  <action id="EditorChooseLookupItemDot" />
  <action id="EditorCodeBlockEnd" />
  <action id="EditorCodeBlockStart" />
  <action id="EditorCutLineEnd" />
  <action id="EditorDecreaseFontSize">
    <keyboard-shortcut first-keystroke="meta minus" />
  </action>
  <action id="EditorDecreaseFontSizeGlobal">
    <keyboard-shortcut first-keystroke="meta minus" />
  </action>
  <action id="EditorDeleteLine">
    <keyboard-shortcut first-keystroke="meta back_space" />
    <keyboard-shortcut first-keystroke="meta y" />
  </action>
  <action id="EditorIncreaseFontSize">
    <keyboard-shortcut first-keystroke="meta equals" />
  </action>
  <action id="EditorIncreaseFontSizeGlobal">
    <keyboard-shortcut first-keystroke="shift ctrl period" />
    <keyboard-shortcut first-keystroke="meta equals" />
  </action>
  <action id="EditorLeft">
    <keyboard-shortcut first-keystroke="left" />
  </action>
  <action id="EditorLineEnd" />
  <action id="EditorLineStart" />
  <action id="EditorMatchBrace">
    <keyboard-shortcut first-keystroke="ctrl m" />
    <keyboard-shortcut first-keystroke="ctrl b" />
  </action>
  <action id="EditorNextWord">
    <keyboard-shortcut first-keystroke="ctrl alt f" />
  </action>
  <action id="EditorPreviousWord">
    <keyboard-shortcut first-keystroke="ctrl alt b" />
  </action>
  <action id="EditorRight">
    <keyboard-shortcut first-keystroke="right" />
  </action>
  <action id="EditorScrollToCenter" />
  <action id="EditorSelectLine">
    <keyboard-shortcut first-keystroke="ctrl a" />
  </action>
  <action id="EditorSelectWord" />
  <action id="EditorUnSelectWord" />
  <action id="EmmetNextEditPoint">
    <keyboard-shortcut first-keystroke="ctrl alt right" />
  </action>
  <action id="EmmetPreviousEditPoint">
    <keyboard-shortcut first-keystroke="ctrl alt left" />
  </action>
  <action id="ExpandAll">
    <keyboard-shortcut first-keystroke="meta add" />
    <keyboard-shortcut first-keystroke="meta enter" />
  </action>
  <action id="ExpandAllRegions" />
  <action id="ExpandExpandableComponent">
    <keyboard-shortcut first-keystroke="shift enter" />
    <keyboard-shortcut first-keystroke="meta add" />
  </action>
  <action id="ExpandRegion">
    <keyboard-shortcut first-keystroke="meta right" />
  </action>
  <action id="ExportToTextFile" />
  <action id="ExternalSystem.CollapseAll">
    <keyboard-shortcut first-keystroke="meta subtract" />
  </action>
  <action id="ExternalSystem.ExpandAll">
    <keyboard-shortcut first-keystroke="meta add" />
  </action>
  <action id="FileChooser.GotoModule" />
  <action id="FileChooser.GotoProject" />
  <action id="FileChooser.TogglePathBar" />
  <action id="FindUsages">
    <keyboard-shortcut first-keystroke="alt f7" />
    <keyboard-shortcut first-keystroke="f7" />
  </action>
  <action id="FocusEditor">
    <keyboard-shortcut first-keystroke="meta 2" />
  </action>
  <action id="Forward">
    <mouse-shortcut keystroke="button5" />
  </action>
  <action id="Generate">
    <keyboard-shortcut first-keystroke="meta n" />
  </action>
  <action id="Generate.Missing.Members.ES6">
    <keyboard-shortcut first-keystroke="ctrl i" />
  </action>
  <action id="Generate.Missing.Members.TypeScript">
    <keyboard-shortcut first-keystroke="ctrl i" />
  </action>
  <action id="Git.Add">
    <keyboard-shortcut first-keystroke="meta alt a" />
  </action>
  <action id="Git.Commit.And.Push.Executor">
    <keyboard-shortcut first-keystroke="meta alt k" />
  </action>
  <action id="Git.Commit.Stage">
    <keyboard-shortcut first-keystroke="meta k" />
  </action>
  <action id="Git.CreateNewBranch.FromCommit">
    <keyboard-shortcut first-keystroke="meta alt n" />
  </action>
  <action id="Git.Log.Branches.Navigate.Log.To.Selected.Branch">
    <keyboard-shortcut first-keystroke="alt f1" />
  </action>
  <action id="Git.Stage.Add">
    <keyboard-shortcut first-keystroke="meta alt a" />
  </action>
  <action id="Git.Stage.Reset">
    <keyboard-shortcut first-keystroke="meta alt z" />
  </action>
  <action id="Git.Stage.Revert">
    <keyboard-shortcut first-keystroke="meta alt z" />
  </action>
  <action id="Git.Stash.Drop">
    <keyboard-shortcut first-keystroke="delete" />
    <keyboard-shortcut first-keystroke="back_space" />
    <keyboard-shortcut first-keystroke="meta back_space" />
  </action>
  <action id="GitHub.Diff.Review.NextComment">
    <keyboard-shortcut first-keystroke="meta alt down" />
  </action>
  <action id="GitHub.Diff.Review.PreviousComment">
    <keyboard-shortcut first-keystroke="meta alt up" />
  </action>
  <action id="GitLab.Merge.Request.List.Refresh">
    <keyboard-shortcut first-keystroke="meta r" />
  </action>
  <action id="GitToolBox.BlameDetails">
    <keyboard-shortcut first-keystroke="shift alt b" />
  </action>
  <action id="Github.PullRequest.Details.Reload">
    <keyboard-shortcut first-keystroke="meta r" />
  </action>
  <action id="Github.PullRequest.List.Reload">
    <keyboard-shortcut first-keystroke="meta r" />
  </action>
  <action id="Github.PullRequest.Timeline.Update">
    <keyboard-shortcut first-keystroke="meta r" />
  </action>
  <action id="GotoAction">
    <keyboard-shortcut first-keystroke="shift meta p" />
  </action>
  <action id="GotoBookmark4" />
  <action id="GotoBookmark5" />
  <action id="GotoClass" />
  <action id="GotoFile">
    <keyboard-shortcut first-keystroke="meta p" />
  </action>
  <action id="GotoLine" />
  <action id="GotoSymbol" />
  <action id="GotoTest" />
  <action id="Graph.ApplyCurrentLayout" />
  <action id="Graph.Delete">
    <keyboard-shortcut first-keystroke="delete" />
    <keyboard-shortcut first-keystroke="back_space" />
    <keyboard-shortcut first-keystroke="meta back_space" />
  </action>
  <action id="Graph.RouteEdges">
    <keyboard-shortcut first-keystroke="f5" />
  </action>
  <action id="Graph.ZoomIn">
    <keyboard-shortcut first-keystroke="add" />
  </action>
  <action id="Graph.ZoomOut">
    <keyboard-shortcut first-keystroke="subtract" />
  </action>
  <action id="GraphQLExecuteEditor">
    <keyboard-shortcut first-keystroke="meta enter" />
  </action>
  <action id="HTTPClient.PreviewHtml.NavigateBack">
    <keyboard-shortcut first-keystroke="left" />
  </action>
  <action id="HTTPClient.PreviewHtml.NavigateForward">
    <keyboard-shortcut first-keystroke="right" />
  </action>
  <action id="HideActiveWindow">
    <keyboard-shortcut first-keystroke="ctrl meta alt 0" />
  </action>
  <action id="Images.Editor.ZoomIn">
    <keyboard-shortcut first-keystroke="meta add" />
  </action>
  <action id="Images.Editor.ZoomOut">
    <keyboard-shortcut first-keystroke="meta subtract" />
  </action>
  <action id="InsertLiveTemplate">
    <keyboard-shortcut first-keystroke="meta l" />
  </action>
  <action id="IntroduceConstant" />
  <action id="IntroduceVariable" />
  <action id="JavaScript.ShowComponentUsages">
    <keyboard-shortcut first-keystroke="shift meta d" />
  </action>
  <action id="Javascript.Linters.EsLint.Fix">
    <keyboard-shortcut first-keystroke="meta alt l" />
  </action>
  <action id="Jdbc.OpenConsole.Any">
    <keyboard-shortcut first-keystroke="shift meta f10" />
  </action>
  <action id="Jdbc.OpenConsole.New" />
  <action id="Jdbc.OpenConsole.New.Generate" />
  <action id="Jdbc.OpenEditor.Console">
    <keyboard-shortcut first-keystroke="meta down" />
    <keyboard-shortcut first-keystroke="f4" />
  </action>
  <action id="Jdbc.OpenEditor.DDL">
    <keyboard-shortcut first-keystroke="meta b" />
  </action>
  <action id="Jdbc.OpenEditor.Data">
    <keyboard-shortcut first-keystroke="meta down" />
    <keyboard-shortcut first-keystroke="f4" />
  </action>
  <action id="Jdbc.OpenEditor.Grid.DDL">
    <keyboard-shortcut first-keystroke="ctrl meta up" />
  </action>
  <action id="JsonPathExportEvaluateResultAction" />
  <action id="JsonToTypeScript">
    <keyboard-shortcut first-keystroke="alt t" />
    <keyboard-shortcut first-keystroke="shift meta j" />
  </action>
  <action id="List-selectFirstRow" />
  <action id="List-selectLastRow" />
  <action id="LocalHistory.ShowHistory">
    <keyboard-shortcut first-keystroke="ctrl meta alt h" />
  </action>
  <action id="MakeModule">
    <keyboard-shortcut first-keystroke="ctrl meta alt b" second-keystroke="ctrl meta alt b" />
  </action>
  <action id="ManageRecentProjects">
    <keyboard-shortcut first-keystroke="meta alt o" />
  </action>
  <action id="MethodDown" />
  <action id="MethodOverloadSwitchDown" />
  <action id="MethodOverloadSwitchUp" />
  <action id="MethodUp" />
  <action id="Move">
    <keyboard-shortcut first-keystroke="f5" />
  </action>
  <action id="MoveLineDown" />
  <action id="MoveLineUp" />
  <action id="NavBar-selectHome" />
  <action id="NewDir">
    <keyboard-shortcut first-keystroke="meta alt n" />
  </action>
  <action id="NewElement">
    <keyboard-shortcut first-keystroke="meta n" />
  </action>
  <action id="NextDiff">
    <keyboard-shortcut first-keystroke="ctrl n" />
  </action>
  <action id="NextEditorTab" />
  <action id="NextSplitter">
    <keyboard-shortcut first-keystroke="ctrl l" />
    <keyboard-shortcut first-keystroke="ctrl j" />
  </action>
  <action id="NextTab">
    <keyboard-shortcut first-keystroke="meta close_bracket" />
  </action>
  <action id="NextTemplateVariable">
    <keyboard-shortcut first-keystroke="tab" />
    <keyboard-shortcut first-keystroke="enter" />
    <keyboard-shortcut first-keystroke="meta period" />
  </action>
  <action id="NextWindow">
    <keyboard-shortcut first-keystroke="meta alt close_bracket" />
  </action>
  <action id="OasEndpointsSidePanelSaveAction" />
  <action id="OpenFile">
    <keyboard-shortcut first-keystroke="meta o" />
  </action>
  <action id="OpenInAssociatedApplication">
    <keyboard-shortcut first-keystroke="o" />
  </action>
  <action id="OverrideMethods" />
  <action id="PCFindUsagesAction">
    <keyboard-shortcut first-keystroke="alt f7" />
    <keyboard-shortcut first-keystroke="f7" />
  </action>
  <action id="PCNavigateToSource">
    <keyboard-shortcut first-keystroke="meta down" />
    <keyboard-shortcut first-keystroke="f4" />
  </action>
  <action id="ParameterInfo" />
  <action id="Plugin_ReactNative_Show" />
  <action id="PrevSplitter">
    <keyboard-shortcut first-keystroke="ctrl h" />
    <keyboard-shortcut first-keystroke="ctrl k" />
  </action>
  <action id="PreviousDiff">
    <keyboard-shortcut first-keystroke="ctrl p" />
  </action>
  <action id="PreviousEditorTab" />
  <action id="PreviousTab">
    <keyboard-shortcut first-keystroke="meta open_bracket" />
  </action>
  <action id="PreviousWindow">
    <keyboard-shortcut first-keystroke="meta alt open_bracket" />
  </action>
  <action id="ProblemsView.QuickFixes" />
  <action id="ProjectFromVersionControl">
    <keyboard-shortcut first-keystroke="shift meta alt c" />
  </action>
  <action id="PublishGroup.UploadTo">
    <keyboard-shortcut first-keystroke="shift meta alt x" />
  </action>
  <action id="QuickImplementations">
    <keyboard-shortcut first-keystroke="alt space" />
  </action>
  <action id="QuickJavaDoc">
    <mouse-shortcut keystroke="control button2" />
    <mouse-shortcut keystroke="alt button1" />
  </action>
  <action id="QuickPreview" />
  <action id="RebuildGradleProject">
    <keyboard-shortcut first-keystroke="ctrl meta alt r" />
  </action>
  <action id="RecentChanges">
    <keyboard-shortcut first-keystroke="shift alt c" />
  </action>
  <action id="RecentFiles" />
  <action id="RecentLocations" />
  <action id="Refactorings.QuickListPopupAction" />
  <action id="ReformatCode">
    <keyboard-shortcut first-keystroke="ctrl x" />
  </action>
  <action id="ReformatWithPrettierAction">
    <keyboard-shortcut first-keystroke="shift meta alt p" />
  </action>
  <action id="RemoteHostView.CopyPaths">
    <keyboard-shortcut first-keystroke="shift meta c" />
    <keyboard-shortcut first-keystroke="ctrl meta alt c" />
  </action>
  <action id="RemoteHostView.EditSource">
    <keyboard-shortcut first-keystroke="meta down" />
    <keyboard-shortcut first-keystroke="f4" />
  </action>
  <action id="RemoteHostView.Rename">
    <keyboard-shortcut first-keystroke="f6" />
  </action>
  <action id="RemoteServers.EditServerConfig">
    <keyboard-shortcut first-keystroke="shift f4" />
  </action>
  <action id="RenameElement">
    <keyboard-shortcut first-keystroke="f6" />
  </action>
  <action id="RerunTests">
    <keyboard-shortcut first-keystroke="shift meta e" />
  </action>
  <action id="ResizeToolWindowDown">
    <keyboard-shortcut first-keystroke="shift meta j" />
  </action>
  <action id="ResizeToolWindowLeft">
    <keyboard-shortcut first-keystroke="shift meta h" />
  </action>
  <action id="ResizeToolWindowRight">
    <keyboard-shortcut first-keystroke="shift meta l" />
  </action>
  <action id="ResizeToolWindowUp">
    <keyboard-shortcut first-keystroke="shift meta k" />
  </action>
  <action id="Resume" />
  <action id="RunDashboard.Stop">
    <keyboard-shortcut first-keystroke="meta f2" />
  </action>
  <action id="RunJsbtTask">
    <keyboard-shortcut first-keystroke="alt f11" />
  </action>
  <action id="SaveAll" />
  <action id="SaveAs">
    <keyboard-shortcut first-keystroke="shift meta s" />
  </action>
  <action id="SelectInProjectView">
    <keyboard-shortcut first-keystroke="f1" />
  </action>
  <action id="ServiceView.AddService">
    <keyboard-shortcut first-keystroke="meta n" />
  </action>
  <action id="ServiceView.GroupByContributor" />
  <action id="ServiceView.ShowServices" />
  <action id="Session.Rename">
    <keyboard-shortcut first-keystroke="f6" />
  </action>
  <action id="SetShortcutAction" />
  <action id="ShelvedChanges.Rename">
    <keyboard-shortcut first-keystroke="f2" />
  </action>
  <action id="ShowColorPicker">
    <mouse-shortcut keystroke="control button1" />
  </action>
  <action id="ShowContent" />
  <action id="ShowIntentionActions" />
  <action id="ShowSearchHistory" />
  <action id="ShowUmlDiagram">
    <keyboard-shortcut first-keystroke="shift meta alt u" />
  </action>
  <action id="ShowUmlDiagramPopup">
    <keyboard-shortcut first-keystroke="meta alt u" />
  </action>
  <action id="SmartSelect" />
  <action id="SplitChooser.SplitCenter" />
  <action id="SplitHorizontally">
    <keyboard-shortcut first-keystroke="meta 0" />
  </action>
  <action id="SplitVertically">
    <keyboard-shortcut first-keystroke="meta alt 0" />
  </action>
  <action id="Sql.EditParameter">
    <keyboard-shortcut first-keystroke="meta down" />
    <keyboard-shortcut first-keystroke="f4" />
  </action>
  <action id="StepInto">
    <keyboard-shortcut first-keystroke="f9" />
  </action>
  <action id="StretchSplitToBottom">
    <keyboard-shortcut first-keystroke="shift meta j" />
  </action>
  <action id="StretchSplitToLeft">
    <keyboard-shortcut first-keystroke="shift meta h" />
  </action>
  <action id="StretchSplitToRight">
    <keyboard-shortcut first-keystroke="shift meta l" />
  </action>
  <action id="StretchSplitToTop">
    <keyboard-shortcut first-keystroke="shift meta k" />
  </action>
  <action id="SurroundWith">
    <keyboard-shortcut first-keystroke="ctrl meta s" />
  </action>
  <action id="Svn.RefreshWorkingCopies">
    <keyboard-shortcut first-keystroke="meta r" />
  </action>
  <action id="SwitchCoverage">
    <keyboard-shortcut first-keystroke="ctrl meta alt r" />
  </action>
  <action id="SwitcherIterateItems" />
  <action id="SwitcherNextProblem">
    <keyboard-shortcut first-keystroke="f2" />
    <keyboard-shortcut first-keystroke="ctrl period" />
  </action>
  <action id="SwitcherPreviousProblem">
    <keyboard-shortcut first-keystroke="shift f2" />
    <keyboard-shortcut first-keystroke="ctrl comma" />
  </action>
  <action id="SwitcherRecentEditedChangedToggleCheckBox" />
  <action id="Table-selectNextColumn">
    <keyboard-shortcut first-keystroke="right" />
  </action>
  <action id="TableResult.GrowSelection" />
  <action id="TableResult.SelectAllOccurrences">
    <keyboard-shortcut first-keystroke="ctrl meta g" />
  </action>
  <action id="TableResult.SelectColumn" />
  <action id="TableResult.SelectNextOccurrence">
    <keyboard-shortcut first-keystroke="ctrl g" />
  </action>
  <action id="TableResult.ShrinkSelection" />
  <action id="TableResult.UnselectPreviousOccurrence">
    <keyboard-shortcut first-keystroke="shift ctrl g" />
  </action>
  <action id="Terminal.ClearPrompt" />
  <action id="Terminal.CloseSession">
    <keyboard-shortcut first-keystroke="meta w" />
    <keyboard-shortcut first-keystroke="ctrl d" />
  </action>
  <action id="Terminal.CloseTab">
    <keyboard-shortcut first-keystroke="shift ctrl meta alt semicolon" />
  </action>
  <action id="Terminal.NextSplitter">
    <keyboard-shortcut first-keystroke="meta 4" />
  </action>
  <action id="Terminal.PrevSplitter" />
  <action id="Terminal.SearchInCommandHistory" />
  <action id="Terminal.SplitHorizontally">
    <keyboard-shortcut first-keystroke="meta 0" />
  </action>
  <action id="Terminal.SplitVertically">
    <keyboard-shortcut first-keystroke="meta alt 0" />
  </action>
  <action id="Terminal.SwitchFocusToEditor">
    <keyboard-shortcut first-keystroke="meta 2" />
  </action>
  <action id="TodoViewGroupByFlattenPackage" />
  <action id="Tree-scrollDownChangeSelection">
    <keyboard-shortcut first-keystroke="page_down" />
    <keyboard-shortcut first-keystroke="ctrl d" />
  </action>
  <action id="Tree-scrollUpChangeSelection">
    <keyboard-shortcut first-keystroke="page_up" />
    <keyboard-shortcut first-keystroke="ctrl u" />
  </action>
  <action id="Tree-selectChild">
    <keyboard-shortcut first-keystroke="l" />
  </action>
  <action id="Tree-selectNext">
    <keyboard-shortcut first-keystroke="down" />
    <keyboard-shortcut first-keystroke="ctrl n" />
    <keyboard-shortcut first-keystroke="j" />
  </action>
  <action id="Tree-selectNextExtendSelection">
    <keyboard-shortcut first-keystroke="shift down" />
    <keyboard-shortcut first-keystroke="tab" />
  </action>
  <action id="Tree-selectParent">
    <keyboard-shortcut first-keystroke="h" />
  </action>
  <action id="Tree-selectPrevious">
    <keyboard-shortcut first-keystroke="up" />
    <keyboard-shortcut first-keystroke="ctrl p" />
    <keyboard-shortcut first-keystroke="k" />
  </action>
  <action id="Tree-selectPreviousExtendSelection">
    <keyboard-shortcut first-keystroke="shift up" />
    <keyboard-shortcut first-keystroke="shift tab" />
  </action>
  <action id="TypeHierarchy" />
  <action id="TypeHierarchyBase.BaseOnThisType" />
  <action id="Uml.NewElement">
    <keyboard-shortcut first-keystroke="meta n" />
  </action>
  <action id="UsageFiltering.ReadAccess" />
  <action id="UsageGrouping.DirectoryStructure" />
  <action id="UsageGrouping.FileStructure" />
  <action id="UsageGrouping.FlattenModules" />
  <action id="UsageGrouping.UsageType" />
  <action id="UsageView.ShowRecentFindUsages" />
  <action id="Vcs.CombinedDiff.CaretToNextBlock">
    <keyboard-shortcut first-keystroke="down" />
    <keyboard-shortcut first-keystroke="ctrl n" />
  </action>
  <action id="Vcs.CombinedDiff.CaretToPrevBlock">
    <keyboard-shortcut first-keystroke="up" />
    <keyboard-shortcut first-keystroke="ctrl p" />
  </action>
  <action id="Vcs.CombinedDiff.ToggleCollapseBlock">
    <keyboard-shortcut first-keystroke="meta escape" />
  </action>
  <action id="Vcs.Commit.CloseDialog">
    <keyboard-shortcut first-keystroke="escape" />
  </action>
  <action id="Vcs.EditSource">
    <keyboard-shortcut first-keystroke="meta down" />
    <keyboard-shortcut first-keystroke="f4" />
  </action>
  <action id="Vcs.Log.FocusTextFilter" />
  <action id="Vcs.Log.GoToChild">
    <keyboard-shortcut first-keystroke="left" />
  </action>
  <action id="Vcs.Log.GoToParent">
    <keyboard-shortcut first-keystroke="right" />
  </action>
  <action id="Vcs.Log.GoToRef">
    <keyboard-shortcut first-keystroke="meta f" />
  </action>
  <action id="Vcs.Log.Refresh">
    <keyboard-shortcut first-keystroke="meta r" />
  </action>
  <action id="Vcs.Log.ShowAllAffected">
    <keyboard-shortcut first-keystroke="ctrl meta a" />
  </action>
  <action id="Vcs.MoveChangedLinesToChangelist" />
  <action id="Vcs.Push" />
  <action id="Vcs.ReformatCommitMessage" />
  <action id="Vcs.RefreshFileHistory">
    <keyboard-shortcut first-keystroke="meta r" />
  </action>
  <action id="Vcs.Shelf.Drop">
    <keyboard-shortcut first-keystroke="delete" />
    <keyboard-shortcut first-keystroke="back_space" />
    <keyboard-shortcut first-keystroke="meta back_space" />
  </action>
  <action id="Vcs.ShowMessageHistory">
    <keyboard-shortcut first-keystroke="ctrl m" />
  </action>
  <action id="Vcs.UpdateProject" />
  <action id="WD.UploadCurrentRemoteFileAction">
    <keyboard-shortcut first-keystroke="shift alt q" />
  </action>
  <action id="WebOpenInAction">
    <keyboard-shortcut first-keystroke="alt f2" />
  </action>
  <action id="WeighingNewGroup">
    <keyboard-shortcut first-keystroke="meta n" />
  </action>
  <action id="WelcomeScreen.CopyProjectPath">
    <keyboard-shortcut first-keystroke="shift meta c" />
  </action>
  <action id="android.deploy.ApplyChanges">
    <keyboard-shortcut first-keystroke="ctrl meta r" />
  </action>
  <action id="android.deploy.CodeSwap">
    <keyboard-shortcut first-keystroke="shift ctrl meta r" />
  </action>
  <action id="buck.ChooseTarget" />
  <action id="context.clear">
    <keyboard-shortcut first-keystroke="shift alt x" />
  </action>
  <action id="hg4idea.QFold">
    <keyboard-shortcut first-keystroke="shift alt d" />
  </action>
  <action id="hg4idea.add">
    <keyboard-shortcut first-keystroke="meta alt a" />
  </action>
  <action id="org.intellij.plugins.markdown.ui.actions.styling.InsertImageAction">
    <keyboard-shortcut first-keystroke="meta u" />
  </action>
  <action id="org.overengineer.inlineproblems.actions.EnableInlineProblemsAction">
    <keyboard-shortcut first-keystroke="alt u" />
  </action>
  <action id="runShellFileAction">
    <keyboard-shortcut first-keystroke="shift ctrl r" />
  </action>
  <action id="sql.ExtractFunctionAction">
    <keyboard-shortcut first-keystroke="meta alt m" />
  </action>
  <action id="sql.SelectInDatabaseView">
    <keyboard-shortcut first-keystroke="shift alt b" />
  </action>
  <action id="tasks.close">
    <keyboard-shortcut first-keystroke="shift alt w" />
  </action>
  <action id="tasks.goto">
    <keyboard-shortcut first-keystroke="shift alt n" />
  </action>
  <action id="tasks.open.in.browser">
    <keyboard-shortcut first-keystroke="shift alt b" />
  </action>
  <action id="tasks.switch">
    <keyboard-shortcut first-keystroke="shift alt t" />
  </action>
</keymap>