<keymap version="1" name="MJ KEYMAP" parent="Mac OS X 10.5+">
  <action id="ActivateBookmarksToolWindow" />
  <action id="ActivateCommitToolWindow" />
  <action id="ActivateDBBrowserToolWindow">
    <keyboard-shortcut first-keystroke="meta 3" />
  </action>
  <action id="ActivateDebugToolWindow" />
  <action id="ActivateFavoritesToolWindow" />
  <action id="ActivateFindToolWindow" />
  <action id="ActivateLogcatToolWindow">
    <keyboard-shortcut first-keystroke="meta 6" />
  </action>
  <action id="ActivateRunToolWindow" />
  <action id="ActivateServicesToolWindow" />
  <action id="ActivateStructureToolWindow" />
  <action id="ActivateTODOToolWindow" />
  <action id="ActivateTerminalToolWindow">
    <keyboard-shortcut first-keystroke="meta t" />
  </action>
  <action id="ActivateVersionControlToolWindow">
    <keyboard-shortcut first-keystroke="meta 2" />
  </action>
  <action id="Android.HotswapChanges">
    <keyboard-shortcut first-keystroke="ctrl meta r" />
  </action>
  <action id="Arrangement.Alias.Rule.Add">
    <keyboard-shortcut first-keystroke="meta n" />
  </action>
  <action id="Arrangement.Alias.Rule.Match.Condition.Move.Down" />
  <action id="Arrangement.Rule.Add">
    <keyboard-shortcut first-keystroke="meta n" />
  </action>
  <action id="Arrangement.Rule.Group.Condition.Move.Down" />
  <action id="Arrangement.Rule.Group.Condition.Move.Up" />
  <action id="Arrangement.Rule.Match.Condition.Move.Down" />
  <action id="Arrangement.Rule.Match.Condition.Move.Up" />
  <action id="Back">
    <mouse-shortcut keystroke="button4" />
  </action>
  <action id="CleanGradleProject">
    <keyboard-shortcut first-keystroke="ctrl meta alt c" />
  </action>
  <action id="CloseAllEditorsButActive">
    <keyboard-shortcut first-keystroke="meta alt w" />
  </action>
  <action id="CollapseAll">
    <keyboard-shortcut first-keystroke="meta subtract" />
  </action>
  <action id="CollapseAllRegions">
    <keyboard-shortcut first-keystroke="meta alt left" />
  </action>
  <action id="CollapseExpandableComponent">
    <keyboard-shortcut first-keystroke="shift enter" />
    <keyboard-shortcut first-keystroke="meta subtract" />
  </action>
  <action id="CollapseRegion">
    <keyboard-shortcut first-keystroke="meta left" />
  </action>
  <action id="CollapseSelection" />
  <action id="CollapsiblePanel-toggle" />
  <action id="Compare.SameVersion">
    <keyboard-shortcut first-keystroke="meta alt c" />
  </action>
  <action id="Console.TableResult.ColumnVisibility" />
  <action id="CopyElement" />
  <action id="CopyReference" />
  <action id="Coverage">
    <keyboard-shortcut first-keystroke="meta alt r" />
  </action>
  <action id="DatabaseView.DeactivateAction">
    <keyboard-shortcut first-keystroke="meta f2" />
  </action>
  <action id="Diff.NextChange">
    <keyboard-shortcut first-keystroke="meta right" />
  </action>
  <action id="Diff.PrevChange">
    <keyboard-shortcut first-keystroke="meta left" />
  </action>
  <action id="DuplicatesForm.SendToRight" />
  <action id="EditorAddOrRemoveCaret" />
  <action id="EditorChooseLookupItemDot" />
  <action id="EditorCutLineEnd" />
  <action id="EditorDecreaseFontSizeGlobal">
    <keyboard-shortcut first-keystroke="meta minus" />
  </action>
  <action id="EditorDeleteLine">
    <keyboard-shortcut first-keystroke="meta back_space" />
    <keyboard-shortcut first-keystroke="meta y" />
  </action>
  <action id="EditorIncreaseFontSizeGlobal">
    <keyboard-shortcut first-keystroke="shift ctrl period" />
    <keyboard-shortcut first-keystroke="meta equals" />
  </action>
  <action id="EditorLeft">
    <keyboard-shortcut first-keystroke="left" />
  </action>
  <action id="EditorLineEnd" />
  <action id="EditorLineStart" />
  <action id="EditorMatchBrace">
    <keyboard-shortcut first-keystroke="ctrl m" />
    <keyboard-shortcut first-keystroke="ctrl b" />
  </action>
  <action id="EditorNextWord">
    <keyboard-shortcut first-keystroke="ctrl alt f" />
  </action>
  <action id="EditorPreviousWord">
    <keyboard-shortcut first-keystroke="ctrl alt b" />
  </action>
  <action id="EditorScrollToCenter" />
  <action id="EditorSelectLine">
    <keyboard-shortcut first-keystroke="ctrl a" />
  </action>
  <action id="EditorSelectWord" />
  <action id="EditorUnSelectWord" />
  <action id="ExpandAll">
    <keyboard-shortcut first-keystroke="meta add" />
  </action>
  <action id="ExpandAllRegions">
    <keyboard-shortcut first-keystroke="meta alt right" />
  </action>
  <action id="ExpandExpandableComponent">
    <keyboard-shortcut first-keystroke="shift enter" />
    <keyboard-shortcut first-keystroke="meta add" />
  </action>
  <action id="ExpandRegion">
    <keyboard-shortcut first-keystroke="meta right" />
  </action>
  <action id="ExternalSystem.CollapseAll">
    <keyboard-shortcut first-keystroke="meta subtract" />
  </action>
  <action id="ExternalSystem.ExpandAll">
    <keyboard-shortcut first-keystroke="meta add" />
  </action>
  <action id="FileChooser.GotoModule" />
  <action id="FileChooser.GotoProject" />
  <action id="FileChooser.TogglePathBar" />
  <action id="FindUsages">
    <keyboard-shortcut first-keystroke="alt f7" />
    <keyboard-shortcut first-keystroke="f7" />
  </action>
  <action id="FocusEditor">
    <keyboard-shortcut first-keystroke="meta e" />
  </action>
  <action id="Forward">
    <mouse-shortcut keystroke="button5" />
  </action>
  <action id="Generate">
    <keyboard-shortcut first-keystroke="meta n" />
  </action>
  <action id="GotoAction">
    <keyboard-shortcut first-keystroke="shift meta p" />
  </action>
  <action id="GotoBookmark4" />
  <action id="GotoBookmark5" />
  <action id="GotoFile">
    <keyboard-shortcut first-keystroke="meta p" />
  </action>
  <action id="GotoLine" />
  <action id="GotoTest" />
  <action id="Graph.ApplyCurrentLayout" />
  <action id="HideActiveWindow">
    <keyboard-shortcut first-keystroke="ctrl meta alt 0" />
  </action>
  <action id="Images.Editor.ZoomIn">
    <keyboard-shortcut first-keystroke="meta add" />
  </action>
  <action id="Images.Editor.ZoomOut">
    <keyboard-shortcut first-keystroke="meta subtract" />
  </action>
  <action id="InsertLiveTemplate">
    <keyboard-shortcut first-keystroke="meta l" />
  </action>
  <action id="IntroduceConstant" />
  <action id="IntroduceVariable" />
  <action id="Javascript.Linters.EsLint.Fix">
    <keyboard-shortcut first-keystroke="meta alt l" />
  </action>
  <action id="JsonToTypeScript">
    <keyboard-shortcut first-keystroke="alt t" />
    <keyboard-shortcut first-keystroke="shift meta j" />
  </action>
  <action id="List-selectFirstRow" />
  <action id="List-selectLastRow" />
  <action id="LocalHistory.ShowHistory">
    <keyboard-shortcut first-keystroke="ctrl meta alt h" />
  </action>
  <action id="MakeModule">
    <keyboard-shortcut first-keystroke="ctrl meta alt b" second-keystroke="ctrl meta alt b" />
  </action>
  <action id="MethodOverloadSwitchDown" />
  <action id="MethodOverloadSwitchUp" />
  <action id="Move">
    <keyboard-shortcut first-keystroke="f5" />
  </action>
  <action id="MoveLineDown" />
  <action id="MoveLineUp" />
  <action id="NavBar-selectHome" />
  <action id="NewElement">
    <keyboard-shortcut first-keystroke="meta n" />
  </action>
  <action id="NextDiff">
    <keyboard-shortcut first-keystroke="meta down" />
  </action>
  <action id="NextSplitter">
    <keyboard-shortcut first-keystroke="ctrl l" />
    <keyboard-shortcut first-keystroke="ctrl j" />
  </action>
  <action id="NextTab">
    <keyboard-shortcut first-keystroke="meta close_bracket" />
  </action>
  <action id="NextTemplateVariable">
    <keyboard-shortcut first-keystroke="tab" />
    <keyboard-shortcut first-keystroke="enter" />
    <keyboard-shortcut first-keystroke="meta period" />
  </action>
  <action id="ParameterInfo" />
  <action id="Plugin_ReactNative_Show" />
  <action id="PrevSplitter">
    <keyboard-shortcut first-keystroke="ctrl h" />
    <keyboard-shortcut first-keystroke="ctrl k" />
  </action>
  <action id="PreviousDiff">
    <keyboard-shortcut first-keystroke="meta up" />
  </action>
  <action id="PreviousTab">
    <keyboard-shortcut first-keystroke="meta open_bracket" />
  </action>
  <action id="ProblemsView.QuickFixes">
    <keyboard-shortcut first-keystroke="alt enter" />
    <keyboard-shortcut first-keystroke="ctrl enter" />
  </action>
  <action id="ProjectFromVersionControl">
    <keyboard-shortcut first-keystroke="shift meta alt c" />
  </action>
  <action id="QuickImplementations">
    <keyboard-shortcut first-keystroke="alt space" />
  </action>
  <action id="QuickJavaDoc">
    <mouse-shortcut keystroke="control button2" />
    <mouse-shortcut keystroke="alt button1" />
  </action>
  <action id="QuickPreview" />
  <action id="RebuildGradleProject">
    <keyboard-shortcut first-keystroke="ctrl meta alt r" />
  </action>
  <action id="RecentFiles" />
  <action id="RecentLocations" />
  <action id="Refactorings.QuickListPopupAction" />
  <action id="ReformatCode">
    <keyboard-shortcut first-keystroke="ctrl x" />
  </action>
  <action id="RenameElement">
    <keyboard-shortcut first-keystroke="f6" />
  </action>
  <action id="RerunTests">
    <keyboard-shortcut first-keystroke="shift meta e" />
  </action>
  <action id="ResizeToolWindowDown" />
  <action id="ResizeToolWindowLeft" />
  <action id="ResizeToolWindowRight" />
  <action id="ResizeToolWindowUp" />
  <action id="Resume" />
  <action id="RunDashboard.Stop">
    <keyboard-shortcut first-keystroke="meta f2" />
  </action>
  <action id="SaveAll">
    <keyboard-shortcut first-keystroke="ctrl s" />
  </action>
  <action id="SelectInProjectView">
    <keyboard-shortcut first-keystroke="f1" />
  </action>
  <action id="ServiceView.AddService">
    <keyboard-shortcut first-keystroke="meta n" />
  </action>
  <action id="ServiceView.GroupByContributor" />
  <action id="ServiceView.ShowServices" />
  <action id="ShelvedChanges.Rename">
    <keyboard-shortcut first-keystroke="f2" />
  </action>
  <action id="ShowColorPicker">
    <mouse-shortcut keystroke="control button1" />
  </action>
  <action id="ShowIntentionActions">
    <keyboard-shortcut first-keystroke="alt enter" />
    <keyboard-shortcut first-keystroke="ctrl enter" />
  </action>
  <action id="ShowSearchHistory" />
  <action id="SmartSelect" />
  <action id="SplitChooser.SplitCenter" />
  <action id="SplitHorizontally">
    <keyboard-shortcut first-keystroke="meta 0" />
  </action>
  <action id="SplitVertically">
    <keyboard-shortcut first-keystroke="meta alt 0" />
  </action>
  <action id="StepInto">
    <keyboard-shortcut first-keystroke="f9" />
  </action>
  <action id="SurroundWith">
    <keyboard-shortcut first-keystroke="ctrl meta s" />
  </action>
  <action id="SwitchCoverage">
    <keyboard-shortcut first-keystroke="ctrl meta alt r" />
  </action>
  <action id="SwitcherIterateItems" />
  <action id="SwitcherNextProblem">
    <keyboard-shortcut first-keystroke="f2" />
    <keyboard-shortcut first-keystroke="ctrl period" />
  </action>
  <action id="SwitcherPreviousProblem">
    <keyboard-shortcut first-keystroke="shift f2" />
    <keyboard-shortcut first-keystroke="ctrl comma" />
  </action>
  <action id="SwitcherRecentEditedChangedToggleCheckBox" />
  <action id="TableResult.GrowSelection" />
  <action id="TableResult.SelectColumn" />
  <action id="TableResult.ShrinkSelection" />
  <action id="Terminal.NewTab" />
  <action id="Terminal.NextSplitter">
    <keyboard-shortcut first-keystroke="ctrl l" />
    <keyboard-shortcut first-keystroke="ctrl j" />
    <keyboard-shortcut first-keystroke="meta l" />
    <keyboard-shortcut first-keystroke="meta j" />
  </action>
  <action id="Terminal.PrevSplitter">
    <keyboard-shortcut first-keystroke="ctrl h" />
    <keyboard-shortcut first-keystroke="meta h" />
  </action>
  <action id="Terminal.SplitHorizontally">
    <keyboard-shortcut first-keystroke="meta 0" />
  </action>
  <action id="Terminal.SplitVertically">
    <keyboard-shortcut first-keystroke="meta alt 0" />
  </action>
  <action id="Terminal.SwitchFocusToEditor">
    <keyboard-shortcut first-keystroke="meta e" />
  </action>
  <action id="TypeHierarchy" />
  <action id="TypeHierarchyBase.BaseOnThisType" />
  <action id="Uml.NewElement">
    <keyboard-shortcut first-keystroke="meta n" />
  </action>
  <action id="UsageGrouping.FileStructure" />
  <action id="UsageGrouping.UsageType" />
  <action id="UsageView.ShowRecentFindUsages" />
  <action id="Vcs.Log.FocusTextFilter" />
  <action id="Vcs.ReformatCommitMessage" />
  <action id="Vcs.ShowMessageHistory">
    <keyboard-shortcut first-keystroke="ctrl m" />
  </action>
  <action id="Vcs.UpdateProject" />
  <action id="WeighingNewGroup">
    <keyboard-shortcut first-keystroke="meta n" />
  </action>
  <action id="android.deploy.ApplyChanges">
    <keyboard-shortcut first-keystroke="ctrl meta r" />
  </action>
  <action id="android.deploy.CodeSwap">
    <keyboard-shortcut first-keystroke="shift ctrl meta r" />
  </action>
  <action id="buck.ChooseTarget" />
  <action id="com.sburlyaev.cmd.plugin.actions.OpenTerminal">
    <keyboard-shortcut first-keystroke="meta 5" />
  </action>
</keymap>