<keymap version="1" name="Windows copy" parent="$default">
  <action id="ActivateTerminalToolWindow">
    <keyboard-shortcut first-keystroke="alt f12" />
    <keyboard-shortcut first-keystroke="ctrl t" />
  </action>
  <action id="CloseActiveTab" />
  <action id="CloseAllEditorsButActive">
    <keyboard-shortcut first-keystroke="ctrl alt t" />
  </action>
  <action id="CloseContent">
    <keyboard-shortcut first-keystroke="ctrl f4" />
    <keyboard-shortcut first-keystroke="ctrl w" />
  </action>
  <action id="EditorDeleteLine">
    <keyboard-shortcut first-keystroke="ctrl y" />
    <keyboard-shortcut first-keystroke="ctrl back_space" />
  </action>
  <action id="EditorDeleteToWordStart" />
  <action id="EditorSelectWord" />
  <action id="FileChooser.NewFolder">
    <keyboard-shortcut first-keystroke="alt insert" />
  </action>
  <action id="FindNext">
    <keyboard-shortcut first-keystroke="f3" />
  </action>
  <action id="GotoClass" />
  <action id="InsertLiveTemplate">
    <keyboard-shortcut first-keystroke="ctrl j" />
    <keyboard-shortcut first-keystroke="ctrl l" />
  </action>
  <action id="Move" />
  <action id="NewFile">
    <keyboard-shortcut first-keystroke="ctrl n" />
  </action>
  <action id="RenameElement">
    <keyboard-shortcut first-keystroke="shift f6" />
    <keyboard-shortcut first-keystroke="f6" />
  </action>
  <action id="ServiceView.GroupByContributor" />
  <action id="SmartSelect" />
  <action id="SurroundWith" />
  <action id="TableResult.GrowSelection" />
  <action id="TableResult.SelectColumn" />
  <action id="Terminal.ClearBuffer" />
  <action id="Terminal.DeletePreviousWord" />
  <action id="UsageFiltering.WriteAccess" />
  <action id="UsageGrouping.UsageType" />
  <action id="Vcs.Log.FocusTextFilter" />
  <action id="Vcs.UpdateProject" />
</keymap>