<application>
  <component name="AndroidLogcatFilterHistory">
    <option name="favorites">
      <list>
        <option value="package:com.iammathking " />
      </list>
    </option>
    <option name="mostRecentlyUsed" value="package:mine RNCKakao" />
    <option name="nonFavorites">
      <list>
        <option value="package:mine RNCKakao" />
        <option value="package:mine " />
        <option value="package:com.rnkakao.example" />
        <option value="package:com.navermapexample RNCNaver" />
        <option value="com.one level:warn" />
        <option value="com.one" />
        <option value="package:com.navermapexample RNC" />
        <option value="package:com.navermapexample level:warn RNCNaverMap" />
        <option value="package:com.navermapexample level:warn " />
        <option value="package:com.navermapexample level:warn position" />
        <option value="package:com.navermapexample level:warn" />
        <option value="package:com.navermapexample level:warn  RNC" />
        <option value="package:com.navermapexample level:warn  RNCNAverMapView" />
        <option value="package:mine RNCNaverMapView" />
        <option value="package:mine RNC" />
        <option value="package:mine RNCNaver" />
        <option value="package:mine tag:NaverMap " />
        <option value="level:error " />
        <option value="package:com.iammathking level:warn " />
        <option value="package:com.iammathking clarity level:info " />
      </list>
    </option>
  </component>
</application>