<application>
  <component name="MaterialThemeNewConfig">
    <option name="accentState">
      <MTAccentConfigState>
        <option name="accentColorHex" value="e5dadb" />
      </MTAccentConfigState>
    </option>
    <option name="compactState">
      <MTCompactConfigState>
        <option name="compactHeaderSize" value="29" />
        <option name="compactStatusBar" value="true" />
        <option name="compactTables" value="true" />
        <option name="headerSize" value="29" />
        <option name="statusBarSize" value="23" />
      </MTCompactConfigState>
    </option>
    <option name="customThemeState">
      <MTCustomThemeConfigState>
        <option name="accentColorHex" value="e5dadb" />
        <option name="activeColorHex" value="323232" />
        <option name="backgroundColorHex" value="1e181b" />
        <option name="borderColorHex" value="444444" />
        <option name="buttonColorHex" value="2a2a2a" />
        <option name="colorScheme" value="MJ" />
        <option name="contrastColorHex" value="2f2f2f" />
        <option name="disabledColorHex" value="474747" />
        <option name="excludedColorHex" value="323232" />
        <option name="foregroundColorHex" value="ffffff" />
        <option name="highlightColorHex" value="3f3f3f" />
        <option name="notificationColorHex" value="1a1a1a" />
        <option name="secondBackgroundColorHex" value="292929" />
        <option name="selectionBackgroundColorHex" value="222222" />
        <option name="selectionForegroundColorHex" value="ffffff" />
        <option name="textColorHex" value="dedede" />
        <option name="treeColorHex" value="323232" />
      </MTCustomThemeConfigState>
    </option>
    <option name="languageAdditionsState">
      <MTLanguageAdditionsConfigState>
        <option name="codeAdditionsEnabled" value="false" />
      </MTLanguageAdditionsConfigState>
    </option>
    <option name="lightCustomThemeState">
      <MTLightCustomThemeConfigState>
        <option name="accentColorHex" value="769ae5" />
        <option name="activeColorHex" value="323232" />
        <option name="backgroundColorHex" value="15161a" />
        <option name="borderColorHex" value="292929" />
        <option name="buttonColorHex" value="2a2a2a" />
        <option name="colorScheme" value="MJ" />
        <option name="contrastColorHex" value="1a1a1a" />
        <option name="disabledColorHex" value="474747" />
        <option name="excludedColorHex" value="323232" />
        <option name="foregroundColorHex" value="dff1f9" />
        <option name="highlightColorHex" value="3f3f3f" />
        <option name="notificationColorHex" value="1a1a1a" />
        <option name="secondBackgroundColorHex" value="292929" />
        <option name="selectionBackgroundColorHex" value="404040" />
        <option name="selectionForegroundColorHex" value="ffffff" />
        <option name="textColorHex" value="c8c8c8" />
        <option name="treeColorHex" value="323232" />
      </MTLightCustomThemeConfigState>
    </option>
    <option name="metadata">
      <MTMetadataState>
        <option name="migrated" value="true" />
        <option name="pristineConfig" value="false" />
        <option name="userId" value="3cfa8fdc:1700aee143d:-8000" />
        <option name="version" value="9.8.1" />
        <option name="wizardShown" value="true" />
      </MTMetadataState>
    </option>
    <option name="projectTreeState">
      <MTProjectTreeConfigState>
        <option name="customLineHeight" value="18" />
        <option name="customLineHeightEnabled" value="true" />
        <option name="customRightTreeIndent" value="5" />
        <option name="customTreeIndentEnabled" value="true" />
        <option name="indicatorThickness" value="1" />
        <option name="treeFont" value="D2Coding" />
        <option name="treeFontEnabled" value="true" />
      </MTProjectTreeConfigState>
    </option>
    <option name="tabsState">
      <MTTabsConfigState>
        <option name="animatedTabs" value="false" />
        <option name="highlightColorEnabled" value="true" />
        <option name="highlightColorHex" value="c4dfff" />
        <option name="tabFont" value="D2Coding" />
        <option name="tabFontEnabled" value="true" />
        <option name="tabSeparatorsEnabled" value="false" />
        <option name="tabsHeight" value="24" />
      </MTTabsConfigState>
    </option>
    <option name="themeState">
      <MTThemeConfigState>
        <option name="selectedThemeName" value="CUSTOM" />
      </MTThemeConfigState>
    </option>
    <option name="titleBarState">
      <MTTitleBarConfigState>
        <option name="customTitle" value="{file}" />
        <option name="useColoredTitleBar" value="false" />
        <option name="useCustomTitle" value="true" />
        <option name="useProjectIcon" value="false" />
        <option name="useProjectTitle" value="false" />
      </MTTitleBarConfigState>
    </option>
    <option name="uiComponentsState">
      <MTUiComponentsConfigState>
        <option name="accentScrollbars" value="false" />
        <option name="buttonRadius" value="4" />
        <option name="materialSpinner" value="true" />
      </MTUiComponentsConfigState>
    </option>
  </component>
</application>