<application>
  <component name="NotificationConfiguration">
    <notification groupId="Android Gradle Upgrade Notification" displayType="NONE" shouldLog="false" />
    <notification groupId="Android Notification Group" displayType="NONE" />
    <notification groupId="Android XML code style notification" displayType="NONE" shouldLog="false" />
    <notification groupId="Build sync orphan modules" displayType="NONE" shouldLog="false" />
    <notification groupId="Emulator" displayType="NONE" />
    <notification groupId="Gradle KTS build files" displayType="NONE" shouldLog="false" />
    <notification groupId="Gradle Notification Group" displayType="NONE" shouldLog="false" />
    <notification groupId="IDE and Plugin Updates" displayType="NONE" shouldLog="false" />
    <notification groupId="IDE Usage Statistics" displayType="NONE" shouldLog="false" />
  </component>
</application>