<application>
  <component name="StudioBotSettings">
    <option name="acceptedTermsVersion" value="3" />
    <option name="contextSharingModeV2" value="NeverShare" />
    <option name="onboardedVersion" value="3" />
    <option name="queryHistory">
      <list>
        <historyEntry timestamp="1760352961178">I'm getting the following error while syncing my project. The error is: Could not create task ':generateDebugRFile'.
```
Could not create task ':generateDebugRFile'.
Cannot use @TaskAction annotation on method IncrementalTask.taskAction$gradle_core() because interface org.gradle.api.tasks.incremental.IncrementalTaskInputs is not a valid parameter to an action method.

* Try:
&gt; Run with --info or --debug option to get more log output.
&gt; Run with --scan to get full insights.
&gt; Get more help at https://help.gradle.org.

* Exception is:
com.intellij.openapi.externalSystem.model.ExternalSystemException: Could not create task ':generateDebugRFile'.
...
Caused by: org.gradle.api.GradleException: Cannot use @TaskAction annotation on method IncrementalTask.taskAction$gradle_core() because interface org.gradle.api.tasks.incremental.IncrementalTaskInputs is not a valid parameter to an action method.
	at org.gradle.api.internal.project.taskfactory.DefaultTaskClassInfoStore.createTaskAction(DefaultTaskClassInfoStore.java:126)
	at org.gradle.api.internal.project.taskfactory.DefaultTaskClassInfoStore.createTaskClassInfo(DefaultTaskClassInfoStore.java:63)
	at org.gradle.api.internal.project.taskfactory.DefaultTaskClassInfoStore.lambda$new$0(DefaultTaskClassInfoStore.java:43)
	at org.gradle.cache.internal.DefaultCrossBuildInMemoryCacheFactory$AbstractCrossBuildInMemoryCache.get(DefaultCrossBuildInMemoryCacheFactory.java:130)
```
How do I fix this?</historyEntry>
        <historyEntry timestamp="1725500881968">마개새끼야</historyEntry>
        <historyEntry timestamp="1725437143027">야이개새끼야</historyEntry>
      </list>
    </option>
  </component>
</application>