{
  "Ansi 7 Color (Light)" : {
    "Red Component" : 0.7810397744178772,
    "Color Space" : "sRGB",
    "Blue Component" : 0.78104829788208008,
    "Alpha Component" : 1,
    "Green Component" : 0.78105825185775757
  },
  "Ansi 15 Color (Light)" : {
    "Red Component" : 0.99999600648880005,
    "Color Space" : "sRGB",
    "Blue Component" : 1,
    "Alpha Component" : 1,
    "Green Component" : 1
  },
  "Ansi 2 Color (Light)" : {
    "Red Component" : 0,
    "Color Space" : "sRGB",
    "Blue Component" : 0,
    "Alpha Component" : 1,
    "Green Component" : 0.7607843279838562
  },
  "Bold Color" : {
    "Red Component" : 0.062745101749897003,
    "Color Space" : "sRGB",
    "Blue Component" : 0.062745101749897003,
    "Alpha Component" : 1,
    "Green Component" : 0.062745101749897003
  },
  "Ansi 1 Color (Dark)" : {
    "Red Component" : 0.7074432373046875,
    "Color Space" : "sRGB",
    "Blue Component" : 0.16300037503242493,
    "Alpha Component" : 1,
    "Green Component" : 0.23660069704055786
  },
  "Use Bright Bold" : true,
  "Ansi 9 Color (Light)" : {
    "Red Component" : 0.8659515380859375,
    "Color Space" : "sRGB",
    "Blue Component" : 0.45833224058151245,
    "Alpha Component" : 1,
    "Green Component" : 0.47524076700210571
  },
  "Ansi 8 Color (Dark)" : {
    "Red Component" : 0.40781760215759277,
    "Color Space" : "sRGB",
    "Blue Component" : 0.4078223705291748,
    "Alpha Component" : 1,
    "Green Component" : 0.40782788395881653
  },
  "Background Color" : {
    "Red Component" : 0.97999999999999998,
    "Color Space" : "sRGB",
    "Blue Component" : 0.97999999999999998,
    "Alpha Component" : 1,
    "Green Component" : 0.97999999999999998
  },
  "Columns" : 80,
  "Ansi 8 Color" : {
    "Red Component" : 0.40781760215759277,
    "Color Space" : "sRGB",
    "Blue Component" : 0.4078223705291748,
    "Alpha Component" : 1,
    "Green Component" : 0.40782788395881653
  },
  "Right Option Key Sends" : 0,
  "Ansi 4 Color (Light)" : {
    "Red Component" : 0.15404300391674042,
    "Color Space" : "sRGB",
    "Blue Component" : 0.78216177225112915,
    "Alpha Component" : 1,
    "Green Component" : 0.26474356651306152
  },
  "Blinking Cursor" : true,
  "Selected Text Color (Light)" : {
    "Red Component" : 0,
    "Color Space" : "sRGB",
    "Blue Component" : 0,
    "Alpha Component" : 1,
    "Green Component" : 0
  },
  "Selected Text Color (Dark)" : {
    "Red Component" : 0,
    "Color Space" : "sRGB",
    "Blue Component" : 0,
    "Alpha Component" : 1,
    "Green Component" : 0
  },
  "Cursor Type" : 1,
  "Keyboard Map" : {

  },
  "Ansi 3 Color (Dark)" : {
    "Red Component" : 0.78058648109436035,
    "Color Space" : "sRGB",
    "Blue Component" : 0,
    "Alpha Component" : 1,
    "Green Component" : 0.76959484815597534
  },
  "Visual Bell" : true,
  "Only The Default BG Color Uses Transparency" : false,
  "Cursor Text Color" : {
    "Red Component" : 1,
    "Color Space" : "sRGB",
    "Blue Component" : 1,
    "Alpha Component" : 1,
    "Green Component" : 1
  },
  "Scrollback Lines" : 1000,
  "Selection Color (Light)" : {
    "Red Component" : 0.70196080207824707,
    "Color Space" : "sRGB",
    "Blue Component" : 1,
    "Alpha Component" : 1,
    "Green Component" : 0.84313726425170898
  },
  "Ansi 0 Color" : {
    "Red Component" : 0.078431375324726105,
    "Color Space" : "sRGB",
    "Blue Component" : 0.11764705926179886,
    "Alpha Component" : 1,
    "Green Component" : 0.098039217293262482
  },
  "Match Background Color (Dark)" : {
    "Red Component" : 0.99697142839431763,
    "Color Space" : "P3",
    "Blue Component" : 0.32116127014160156,
    "Alpha Component" : 1,
    "Green Component" : 0.98600882291793823
  },
  "Ansi 11 Color (Light)" : {
    "Red Component" : 0.9259033203125,
    "Color Space" : "sRGB",
    "Blue Component" : 0,
    "Alpha Component" : 1,
    "Green Component" : 0.8833775520324707
  },
  "Ansi 5 Color (Dark)" : {
    "Red Component" : 0.752197265625,
    "Color Space" : "sRGB",
    "Blue Component" : 0.74494361877441406,
    "Alpha Component" : 1,
    "Green Component" : 0.24931684136390686
  },
  "Cursor Text Color (Light)" : {
    "Red Component" : 1,
    "Color Space" : "sRGB",
    "Blue Component" : 1,
    "Alpha Component" : 1,
    "Green Component" : 1
  },
  "Silence Bell" : false,
  "Rows" : 25,
  "Guid" : "3490DEAD-00FD-4E58-AA29-7FE4B6FEF75A",
  "Ansi 14 Color (Dark)" : {
    "Red Component" : 0.37597531080245972,
    "Color Space" : "sRGB",
    "Blue Component" : 1,
    "Alpha Component" : 1,
    "Green Component" : 0.99263292551040649
  },
  "Ansi 15 Color (Dark)" : {
    "Red Component" : 0.99999600648880005,
    "Color Space" : "sRGB",
    "Blue Component" : 1,
    "Alpha Component" : 1,
    "Green Component" : 1
  },
  "Ansi 0 Color (Dark)" : {
    "Red Component" : 0.078431375324726105,
    "Color Space" : "sRGB",
    "Blue Component" : 0.11764705926179886,
    "Alpha Component" : 1,
    "Green Component" : 0.098039217293262482
  },
  "Ambiguous Double Width" : false,
  "Option Key Sends" : 0,
  "Ansi 3 Color" : {
    "Red Component" : 0.78058648109436035,
    "Color Space" : "sRGB",
    "Blue Component" : 0,
    "Alpha Component" : 1,
    "Green Component" : 0.76959484815597534
  },
  "Window Type" : 0,
  "BM Growl" : true,
  "Prompt Before Closing 2" : false,
  "Command" : "",
  "Selected Text Color" : {
    "Red Component" : 0,
    "Color Space" : "sRGB",
    "Blue Component" : 0,
    "Alpha Component" : 1,
    "Green Component" : 0
  },
  "Ansi 14 Color (Light)" : {
    "Red Component" : 0.37597531080245972,
    "Color Space" : "sRGB",
    "Blue Component" : 1,
    "Alpha Component" : 1,
    "Green Component" : 0.99263292551040649
  },
  "Cursor Guide Color (Dark)" : {
    "Red Component" : 0.37649588016392954,
    "Color Space" : "sRGB",
    "Blue Component" : 0.94099044799804688,
    "Alpha Component" : 0.25,
    "Green Component" : 0.80232617749205526
  },
  "Blend" : 0.13882869525547445,
  "Send Code When Idle" : false,
  "Ansi 6 Color" : {
    "Red Component" : 0,
    "Color Space" : "sRGB",
    "Blue Component" : 0.78166204690933228,
    "Alpha Component" : 1,
    "Green Component" : 0.77425903081893921
  },
  "Jobs to Ignore" : [
    "rlogin",
    "ssh",
    "slogin",
    "telnet"
  ],
  "Badge Color (Dark)" : {
    "Red Component" : 0.9787440299987793,
    "Color Space" : "sRGB",
    "Blue Component" : 0.65218597462148864,
    "Alpha Component" : 0.5,
    "Green Component" : 0.65218597462148864
  },
  "Cursor Color" : {
    "Red Component" : 0,
    "Color Space" : "sRGB",
    "Blue Component" : 0,
    "Alpha Component" : 1,
    "Green Component" : 0
  },
  "Vertical Spacing" : 1,
  "Disable Window Resizing" : true,
  "Close Sessions On End" : true,
  "Selection Color (Dark)" : {
    "Red Component" : 0.70196080207824707,
    "Color Space" : "sRGB",
    "Blue Component" : 1,
    "Alpha Component" : 1,
    "Green Component" : 0.84313726425170898
  },
  "Default Bookmark" : "No",
  "Foreground Color (Light)" : {
    "Red Component" : 0.062745098039215685,
    "Color Space" : "sRGB",
    "Blue Component" : 0.062745098039215685,
    "Alpha Component" : 1,
    "Green Component" : 0.062745098039215685
  },
  "Custom Command" : "No",
  "Background Color (Dark)" : {
    "Red Component" : 0,
    "Color Space" : "P3",
    "Blue Component" : 0,
    "Alpha Component" : 1,
    "Green Component" : 0
  },
  "Ansi 9 Color" : {
    "Red Component" : 0.8659515380859375,
    "Color Space" : "sRGB",
    "Blue Component" : 0.45833224058151245,
    "Alpha Component" : 1,
    "Green Component" : 0.47524076700210571
  },
  "Ansi 14 Color" : {
    "Red Component" : 0.37597531080245972,
    "Color Space" : "sRGB",
    "Blue Component" : 1,
    "Alpha Component" : 1,
    "Green Component" : 0.99263292551040649
  },
  "Flashing Bell" : false,
  "Use Italic Font" : true,
  "Ansi 13 Color (Dark)" : {
    "Red Component" : 0.8821563720703125,
    "Color Space" : "sRGB",
    "Blue Component" : 0.8821563720703125,
    "Alpha Component" : 1,
    "Green Component" : 0.4927266538143158
  },
  "Cursor Guide Color (Light)" : {
    "Red Component" : 0.52338262643729649,
    "Color Space" : "sRGB",
    "Blue Component" : 0.85319280624389648,
    "Alpha Component" : 0.25,
    "Green Component" : 0.77217718629089516
  },
  "Ansi 12 Color" : {
    "Red Component" : 0.65349078178405762,
    "Color Space" : "sRGB",
    "Blue Component" : 0.9485321044921875,
    "Alpha Component" : 1,
    "Green Component" : 0.67044717073440552
  },
  "Ansi 10 Color (Light)" : {
    "Red Component" : 0.3450070321559906,
    "Color Space" : "sRGB",
    "Blue Component" : 0.56541937589645386,
    "Alpha Component" : 1,
    "Green Component" : 0.9042816162109375
  },
  "Animate Movement" : true,
  "Non-ASCII Anti Aliased" : true,
  "Ansi 10 Color" : {
    "Red Component" : 0.3450070321559906,
    "Color Space" : "sRGB",
    "Blue Component" : 0.56541937589645386,
    "Alpha Component" : 1,
    "Green Component" : 0.9042816162109375
  },
  "Foreground Color" : {
    "Red Component" : 0.062745101749897003,
    "Color Space" : "sRGB",
    "Blue Component" : 0.062745101749897003,
    "Alpha Component" : 1,
    "Green Component" : 0.062745101749897003
  },
  "Link Color (Light)" : {
    "Red Component" : 0.19802422821521759,
    "Color Space" : "sRGB",
    "Blue Component" : 0.9337158203125,
    "Alpha Component" : 1,
    "Green Component" : 0.55789834260940552
  },
  "Description" : "Default",
  "Ansi 7 Color (Dark)" : {
    "Red Component" : 0.7810397744178772,
    "Color Space" : "sRGB",
    "Blue Component" : 0.78104829788208008,
    "Alpha Component" : 1,
    "Green Component" : 0.78105825185775757
  },
  "Sync Title" : false,
  "Ansi 1 Color" : {
    "Red Component" : 0.7074432373046875,
    "Color Space" : "sRGB",
    "Blue Component" : 0.16300037503242493,
    "Alpha Component" : 1,
    "Green Component" : 0.23660069704055786
  },
  "Name" : "Default",
  "Transparency" : 0.33713727678571431,
  "Horizontal Spacing" : 1,
  "Cursor Color (Dark)" : {
    "Red Component" : 0.99997633695602417,
    "Color Space" : "sRGB",
    "Blue Component" : 0.99998724460601807,
    "Alpha Component" : 1,
    "Green Component" : 1
  },
  "Ansi 2 Color (Dark)" : {
    "Red Component" : 0,
    "Color Space" : "sRGB",
    "Blue Component" : 0,
    "Alpha Component" : 1,
    "Green Component" : 0.7607843279838562
  },
  "Ansi 9 Color (Dark)" : {
    "Red Component" : 0.8659515380859375,
    "Color Space" : "sRGB",
    "Blue Component" : 0.45833224058151245,
    "Alpha Component" : 1,
    "Green Component" : 0.47524076700210571
  },
  "Badge Color" : {
    "Red Component" : 0.74613857269287109,
    "Color Space" : "sRGB",
    "Blue Component" : 0.11610633134841919,
    "Alpha Component" : 0.5,
    "Green Component" : 0.11610633134841919
  },
  "Ansi 13 Color (Light)" : {
    "Red Component" : 0.8821563720703125,
    "Color Space" : "sRGB",
    "Blue Component" : 0.8821563720703125,
    "Alpha Component" : 1,
    "Green Component" : 0.4927266538143158
  },
  "Idle Code" : 0,
  "Ansi 4 Color" : {
    "Red Component" : 0.15404300391674042,
    "Color Space" : "sRGB",
    "Blue Component" : 0.78216177225112915,
    "Alpha Component" : 1,
    "Green Component" : 0.26474356651306152
  },
  "Bold Color (Dark)" : {
    "Red Component" : 0.99999600648880005,
    "Color Space" : "sRGB",
    "Blue Component" : 1,
    "Alpha Component" : 1,
    "Green Component" : 1
  },
  "Screen" : -1,
  "Ansi 4 Color (Dark)" : {
    "Red Component" : 0.15404300391674042,
    "Color Space" : "sRGB",
    "Blue Component" : 0.78216177225112915,
    "Alpha Component" : 1,
    "Green Component" : 0.26474356651306152
  },
  "Cursor Text Color (Dark)" : {
    "Red Component" : 0,
    "Color Space" : "sRGB",
    "Blue Component" : 0,
    "Alpha Component" : 1,
    "Green Component" : 0
  },
  "Selection Color" : {
    "Red Component" : 0.70196080207824707,
    "Color Space" : "sRGB",
    "Blue Component" : 1,
    "Alpha Component" : 1,
    "Green Component" : 0.84313726425170898
  },
  "Use Non-ASCII Font" : false,
  "Badge Color (Light)" : {
    "Red Component" : 0.74613857269287109,
    "Color Space" : "sRGB",
    "Blue Component" : 0.11610633058398889,
    "Alpha Component" : 0.5,
    "Green Component" : 0.11610633058398889
  },
  "Character Encoding" : 4,
  "Ansi 11 Color (Dark)" : {
    "Red Component" : 0.9259033203125,
    "Color Space" : "sRGB",
    "Blue Component" : 0,
    "Alpha Component" : 1,
    "Green Component" : 0.8833775520324707
  },
  "Bold Color (Light)" : {
    "Red Component" : 0.062745098039215685,
    "Color Space" : "sRGB",
    "Blue Component" : 0.062745098039215685,
    "Alpha Component" : 1,
    "Green Component" : 0.062745098039215685
  },
  "Ansi 12 Color (Dark)" : {
    "Red Component" : 0.65349078178405762,
    "Color Space" : "sRGB",
    "Blue Component" : 0.9485321044921875,
    "Alpha Component" : 1,
    "Green Component" : 0.67044717073440552
  },
  "Ansi 7 Color" : {
    "Red Component" : 0.7810397744178772,
    "Color Space" : "sRGB",
    "Blue Component" : 0.78104829788208008,
    "Alpha Component" : 1,
    "Green Component" : 0.78105825185775757
  },
  "Non Ascii Font" : "Monaco 12",
  "Ansi 6 Color (Dark)" : {
    "Red Component" : 0,
    "Color Space" : "sRGB",
    "Blue Component" : 0.78166204690933228,
    "Alpha Component" : 1,
    "Green Component" : 0.77425903081893921
  },
  "Cursor Guide Color" : {
    "Red Component" : 0.52338260412216187,
    "Color Space" : "sRGB",
    "Blue Component" : 0.85319280624389648,
    "Alpha Component" : 0.25,
    "Green Component" : 0.77217715978622437
  },
  "Custom Directory" : "No",
  "Working Directory" : "\/Users\/mj",
  "ASCII Anti Aliased" : true,
  "Shortcut" : "",
  "Mouse Reporting" : true,
  "Tags" : [

  ],
  "Blur Radius" : 20.302313058035708,
  "Ansi 6 Color (Light)" : {
    "Red Component" : 0,
    "Color Space" : "sRGB",
    "Blue Component" : 0.78166204690933228,
    "Alpha Component" : 1,
    "Green Component" : 0.77425903081893921
  },
  "Ansi 1 Color (Light)" : {
    "Red Component" : 0.7074432373046875,
    "Color Space" : "sRGB",
    "Blue Component" : 0.16300037503242493,
    "Alpha Component" : 1,
    "Green Component" : 0.23660069704055786
  },
  "Use Bold Font" : true,
  "Ansi 8 Color (Light)" : {
    "Red Component" : 0.40781760215759277,
    "Color Space" : "sRGB",
    "Blue Component" : 0.4078223705291748,
    "Alpha Component" : 1,
    "Green Component" : 0.40782788395881653
  },
  "Ansi 2 Color" : {
    "Red Component" : 0,
    "Color Space" : "sRGB",
    "Blue Component" : 0,
    "Alpha Component" : 1,
    "Green Component" : 0.7607843279838562
  },
  "Background Image Mode" : 3,
  "Unlimited Scrollback" : false,
  "Normal Font" : "D2CodingNerd 12",
  "Ansi 12 Color (Light)" : {
    "Red Component" : 0.65349078178405762,
    "Color Space" : "sRGB",
    "Blue Component" : 0.9485321044921875,
    "Alpha Component" : 1,
    "Green Component" : 0.67044717073440552
  },
  "Ansi 10 Color (Dark)" : {
    "Red Component" : 0.3450070321559906,
    "Color Space" : "sRGB",
    "Blue Component" : 0.56541937589645386,
    "Alpha Component" : 1,
    "Green Component" : 0.9042816162109375
  },
  "Ansi 3 Color (Light)" : {
    "Red Component" : 0.78058648109436035,
    "Color Space" : "sRGB",
    "Blue Component" : 0,
    "Alpha Component" : 1,
    "Green Component" : 0.76959484815597534
  },
  "Cursor Color (Light)" : {
    "Red Component" : 0,
    "Color Space" : "sRGB",
    "Blue Component" : 0,
    "Alpha Component" : 1,
    "Green Component" : 0
  },
  "Ansi 15 Color" : {
    "Red Component" : 0.99999600648880005,
    "Color Space" : "sRGB",
    "Blue Component" : 1,
    "Alpha Component" : 1,
    "Green Component" : 1
  },
  "Blur" : true,
  "Use Separate Colors for Light and Dark Mode" : true,
  "Background Color (Light)" : {
    "Red Component" : 0.97999999999999998,
    "Color Space" : "sRGB",
    "Blue Component" : 0.97999999999999998,
    "Alpha Component" : 1,
    "Green Component" : 0.97999999999999998
  },
  "Terminal Type" : "xterm-256color",
  "Ansi 13 Color" : {
    "Red Component" : 0.8821563720703125,
    "Color Space" : "sRGB",
    "Blue Component" : 0.8821563720703125,
    "Alpha Component" : 1,
    "Green Component" : 0.4927266538143158
  },
  "Ansi 5 Color (Light)" : {
    "Red Component" : 0.752197265625,
    "Color Space" : "sRGB",
    "Blue Component" : 0.74494361877441406,
    "Alpha Component" : 1,
    "Green Component" : 0.24931684136390686
  },
  "Foreground Color (Dark)" : {
    "Red Component" : 0.86197912693023682,
    "Color Space" : "sRGB",
    "Blue Component" : 0.86198854446411133,
    "Alpha Component" : 1,
    "Green Component" : 0.86199951171875
  },
  "Link Color" : {
    "Red Component" : 0.19802422821521759,
    "Color Space" : "sRGB",
    "Blue Component" : 0.9337158203125,
    "Alpha Component" : 1,
    "Green Component" : 0.55789834260940552
  },
  "Link Color (Dark)" : {
    "Red Component" : 0.19802422821521759,
    "Color Space" : "sRGB",
    "Blue Component" : 0.9337158203125,
    "Alpha Component" : 1,
    "Green Component" : 0.55789834260940552
  },
  "Ansi 11 Color" : {
    "Red Component" : 0.9259033203125,
    "Color Space" : "sRGB",
    "Blue Component" : 0,
    "Alpha Component" : 1,
    "Green Component" : 0.8833775520324707
  },
  "Ansi 5 Color" : {
    "Red Component" : 0.752197265625,
    "Color Space" : "sRGB",
    "Blue Component" : 0.74494361877441406,
    "Alpha Component" : 1,
    "Green Component" : 0.24931684136390686
  },
  "Ansi 0 Color (Light)" : {
    "Red Component" : 0.078431375324726105,
    "Color Space" : "sRGB",
    "Blue Component" : 0.11764705926179886,
    "Alpha Component" : 1,
    "Green Component" : 0.098039217293262482
  }
}